net balance,SP,BofA,MCSI
,,,
0,-0.4,0.42,-1.96
0,-1.02,0.01,1.47
0,-0.06,0.19,0.91
0,#N/A,-0.23,-2.98
0,#N/A,0.01,-1.04
0,-1.71,-0.48,-1.18
0,0.74,-0.21,-0.59
0,1.38,0.23,1.06
0,-1.25,0.56,-0.4
0,-0.05,-0.18,0.64
0,1.55,-0.2,-0.38
0,-0.41,0.07,-1.19
0,-0.59,0.38,-1
0,0.12,-0.21,-0.72
0,-0.84,0.32,0.96
0,0.37,-0.09,0.98
0,1.36,0.28,-0.22
0,0.67,-0.01,-1.39
0,0.24,0.12,0.24
0,-0.39,0.17,2
-50,0.57,0.58,-0.68
0,-0.25,-0.23,-0.86
33.57,-0.77,-0.05,-1.92
-18.64,-1.61,0.18,0.7
72.09,0.04,0.06,1.68
-22.78,-0.43,-0.01,-2.58
-158.72,-0.67,0.18,-1.44
-117.93,0.25,-0.14,1.43
64.86,-0.34,-0.07,0.53
406,-1.11,-0.56,0.62
172.42,-0.57,0.33,0.73
14.31,-0.44,0.1,-0.62
36.04,-1.51,0.06,-0.81
19.32,-0.74,0.21,0.98
-9.96,1.6,0.14,0.6
-12.92,0.05,0.49,2.46
9.68,0.17,-0.36,-2.37
25.22,0.14,0.27,0.62
-0.73,-0.22,0.25,0.26
9.35,#N/A,-0.22,1.05
-10.16,#N/A,0,1.22
2.95,-1.43,-0.12,-1.4
-12.59,-0.23,0.24,0.57
6.33,-2.46,0.38,-1.15
-6.6,0.01,-0.14,-2.85
-27.63,0.57,0.21,1.53
19.23,2.3,-0.12,1.27
48.78,-0.01,0.03,0.22
-8.26,0.81,-0.05,0.22
14.06,-1.26,0.49,0.24
12.76,1.17,-0.35,1.37
18.41,-0.7,0.66,1.46
-2.96,1.08,0.19,0.95
29.1,1.03,-0.23,0.72
22.2,0.14,-0.22,-0.06
-1.93,0.98,-0.37,-0.17
-3.94,-0.17,0.12,-0.13
0,-2.23,0.02,0.43
2.84,0.72,0.04,0.87
-1.25,-1.6,-0.22,-0.06
-0.02,0.48,-0.6,2.19
-7.5,0.9,0.35,-0.24
1.7,-0.21,0.08,0.61
-6.85,2.49,0.13,-0.11
-0.85,0.25,0,-0.22
-11.94,0.62,0.28,-0.73
-8.43,#N/A,0.02,-0.32
-0.61,#N/A,0.03,-1.58
1.81,-0.94,0.12,0.18
1.46,-0.16,0.15,-0.9
16.81,-0.81,0,-1.37
4.38,0,0.14,0.86
-6.81,-0.5,-0.54,0.14
12.17,1.65,0.04,0.24
3.52,-0.23,-0.05,-1.44
-18.31,0.74,0.07,1.38
-6.7,0.67,-0.05,-0.85
-2.79,0.27,-0.12,-0.06
-7.75,-1.01,0.1,1.51
-12.03,-0.89,0.12,-0.87
13.58,-0.9,0.54,-1.13
10.07,-0.03,0.22,-1.83
-0.73,1.65,0.49,0.46
8.39,1.91,0.03,-2.77
-6.39,-0.05,0.01,1.65
-4.03,-0.43,0.41,2.05
1.79,-0.3,-0.11,-0.96
14.62,-0.74,-0.14,3.19
11.91,1.9,0.05,-1.18
9.8,0.23,-0.04,-0.69
3.23,0.51,-0.47,0.37
-0.09,0.06,0.58,0.84
-3.18,0.04,0.37,-0.16
5.07,0.22,-0.09,-0.49
-6.88,-0.13,-0.13,0.77
-2.09,-0.01,0.14,-1.16
-0.34,0.11,0.25,0.1
-8.33,0.71,0.24,-0.29
-1.67,0.19,0.04,0.16
-6.69,0,-0.3,-0.19
10.92,-0.35,-0.02,0.25
2.26,0.02,0.61,-0.79
2.15,-0.81,0,1.28
0,0.65,0.45,-0.76
0.46,-0.05,0.15,-0.74
14.83,-0.08,0.17,-0.6
8.88,0.08,0.01,1.11
6.7,-0.78,-0.01,-1.5
-4.56,0.51,0.9,0.72
-4.84,#N/A,-0.49,-0.28
2.31,#N/A,-0.5,-0.28
4.91,-0.11,0.25,-0.23
3.46,2.04,-0.09,0.07
-0.7,0.4,0.48,-1.61
-1.59,-0.61,-0.05,0.34
-0.46,0.31,-0.11,-0.44
6.95,0.21,-0.51,-0.05
0.73,1.63,-0.64,-1.21
-6.23,0.4,-0.12,-0.92
0,-0.31,0.85,-1.37
2.04,-0.13,-0.39,-0.29
-4.32,0.12,-0.46,0.83
1.64,-0.05,-0.35,-0.33
15.65,-0.01,0.26,-1.11
0.55,-0.22,0.43,0.91
-1.43,-1.05,0.26,-0.16
-0.97,-0.57,0.23,-1.48
0,0.96,-0.73,1.73
9.71,-0.45,-0.19,-0.63
0.63,0.27,#N/A,0.3
9.43,0.09,#N/A,1.29
-1.91,0.36,0.43,1.11
5.3,0.72,0.54,0.12
-11.77,-0.03,0.36,-0.94
1.04,-0.35,#N/A,0.04
8.21,-0.99,#N/A,0.4
-2.14,-0.62,0.01,1.11
4.29,0.02,0.21,-0.08
-4.78,-0.3,0.15,-0.3
-2.92,0.81,-0.52,0.46
2.67,1.03,0.19,-0.72
0,0.41,-0.54,1.41
-1.39,-0.24,0.4,2.25
-0.41,-1.66,0.17,-0.54
0.61,0.04,0.41,1.17
-0.64,-1.44,-0.13,0.06
2.35,-0.31,0.26,-0.55
0,0.3,-0.09,-1.45
5.35,-0.07,0.04,-0.58
4.46,#N/A,0.57,-0.88
1.59,#N/A,0.45,-1.04
-4.63,#N/A,-1.01,-0.08
2.97,1.09,0.36,-0.04
-5.54,-0.94,0.03,0.29
1.26,0.22,-0.35,0.25
-3.58,0.79,-0.36,-0.49
-6.38,-2.37,0.56,-0.27
-6.61,-1.22,0.39,0.86
3.28,0.17,-0.24,0.25
-1.54,0.01,0.45,0.05
12.55,-0.4,-0.12,-0.58
3.28,-1.39,-0.62,-0.1
1.12,-0.16,0.34,-0.6
-1.74,0.48,0.2,1.04
-7.47,1.99,-0.39,0.53
-4.78,0.07,0.01,0.23
6.42,0.23,-0.61,-1.47
-10.79,#N/A,0.16,0.66
-3.46,#N/A,0.04,-0.11
-1.13,-0.2,-0.54,0.38
9.51,-0.52,-0.17,-0.24
-1.81,0.79,0.71,0.13
-8.03,0.43,-0.07,0.39
4.19,0.02,-0.61,-0.51
0.35,-0.47,0.25,0.01
-10.22,-0.17,0.07,-0.81
3.62,0.16,0.6,0.82
-10.92,0.33,0.8,-0.04
-0.44,0.29,-0.06,-2.57
-11.65,0.03,-0.41,2.16
9.34,0.65,-0.65,-0.03
-4.89,0.04,-0.01,-0.22
0.83,-0.63,0.34,-0.86
-5.73,-0.41,0.21,1.53
-4.05,1.19,-0.86,-1.02
-6.34,1.15,0.76,-1.84
-0.54,-0.76,-0.26,0.26
10.88,0.55,0.54,-0.1
3.2,-0.94,0.41,-0.77
7.62,-0.24,-0.4,-0.4
-3.68,#N/A,0.6,-0.4
4.27,#N/A,0.15,0.57
-0.5,-0.12,#N/A,0.41
-0.67,-1.1,#N/A,0.72
-1.86,1.69,0.05,-0.77
0,#N/A,0.14,0.41
1,#N/A,-0.16,0.1
0,-0.21,0.23,0.58
-3.74,0.49,0.29,-2.15
-3.89,-0.31,-0.64,1.77
-8.09,-0.32,-0.19,0.21
0,0.27,0.12,0.76
-17.61,0.76,0.71,1.34
7.89,0,-0.27,-0.31
2.93,-0.09,0.07,0.33
1.81,0.11,0.57,-0.79
-7.09,0.02,-0.47,-0.2
-10.17,0.56,0.14,-0.95
-5.66,0.34,-0.09,-1.33
-6,#N/A,-0.34,0.05
-6.39,#N/A,-0.78,0.3
4.38,0.15,-0.24,-1.24
-6.54,0,0.13,-1.89
-11.89,0.54,0.27,-0.79
6.25,-0.18,-0.07,0.43
14.96,0.51,-0.05,-0.37
-11.05,-0.39,-0.53,-0.02
4.31,-0.26,-0.19,-1.19
-3.5,1.01,0.28,0.1
-7.26,-1.15,0.19,-1.02
0,1.04,0.41,0.39
6.59,0.05,0.03,-0.13
9.8,-0.18,-0.33,-0.02
0,0.57,0,-1.16
-6.69,-0.06,-0.2,-1.4
-10.75,0.16,0.16,2.53
24.87,0.06,0.37,1.35
2.6,0.07,0.16,0.1
2.53,-0.1,0.04,-1.19
-2.76,#N/A,-0.77,-1
-1.49,#N/A,-0.2,1.95
-9.57,-1.24,0.49,0.45
-14.11,-0.63,0.1,0.34
1.59,0.88,0.12,-0.38
-12.86,-1.83,0.27,-0.86
10.61,0.61,-0.25,0.31
-27.7,1.27,-0.73,-0.06
-5.8,-0.09,0.47,-0.37
4.68,0.23,0.04,-0.34
-2.25,0.46,-0.53,0.63
19.45,0.96,-0.42,-0.75
2.86,0.11,-0.3,-0.93
40.65,0.18,0.23,-0.36
1.49,0.45,0,-0.15
-13.73,0.32,0.45,-1.7
11.01,-0.24,0.44,0.85
3.5,0.13,-0.28,-0.76
13.85,0.56,-0.31,-0.45
14.51,-0.16,0.51,0.08
-9.13,-0.55,-0.41,0.38
4.61,-0.24,-0.64,-0.13
12.9,0.67,0.14,-0.47
-0.93,-0.83,-0.66,-0.06
-9.99,0.72,-0.23,-2.02
-7.62,-0.33,0.15,1.03
23.91,0.78,0.17,-0.12
13.81,-0.06,0.48,0.68
22.57,0.41,-0.27,-1.68
0,#N/A,0.28,-0.95
1.34,#N/A,-0.24,0.38
4.4,0.52,0.36,0.16
1.31,-1.05,-0.01,-0.56
-0.97,0.4,0.14,1.71
4.88,-0.43,0.17,0.94
-1.56,0.63,0,-0.02
0.01,0.35,-0.18,0.78
-3.24,1.22,0.25,-1.33
-1.49,0.36,-0.04,-1.81
-8.32,-0.28,0.01,-0.55
3.84,-2.3,0.38,-0.96
5.86,1.43,0.15,-0.34
-1.65,-1.43,0.25,-1.19
-3.36,-0.67,-0.06,-1.27
1.51,0.88,-0.76,1.03
3.6,0.47,0.45,0.19
0.46,1.04,0.09,0.7
-3.01,0,-0.48,-0.5
-4.23,0.4,-0.53,1.43
1.38,-0.18,-0.19,1.97
5.35,0.72,0.09,-0.84
-2.95,0.25,-0.12,-1.12
2.9,-0.93,-0.2,-0.97
-0.96,0.94,0.81,-0.41
-2.05,1.05,-0.45,0.6
5.03,0.19,0.53,0.16
-5.24,0.52,-0.08,0.76
4.83,0.41,-0.02,0.12
2.46,-0.37,0.34,-0.3
-4.51,0.43,0.22,-0.79
5.91,0,-0.08,-0.48
3.63,1.01,-0.13,-0.53
-6.2,0.51,-0.19,-0.43
1,-0.5,0.75,-0.61
-3.22,1.03,-0.06,0.07
10.64,-0.07,-0.28,-0.38
2.58,0.17,0.47,-1.92
-6.74,-0.83,-0.27,1.19
-9.44,-0.29,0.27,-0.67
8.6,-0.06,0.23,1.68
2.42,#N/A,0.18,-0.84
0.28,#N/A,-0.25,-0.51
-0.78,-0.7,0.17,-0.25
2.13,0.37,-0.28,0.64
4.39,-1.43,-0.18,-1.98
-7.02,0.59,0.52,0.53
-6.33,-0.55,-0.02,0
-4.95,-1.38,0.11,-1.11
4.98,0.85,-0.12,-0.66
-5.4,1.28,-0.08,-1.57
-1.28,-0.03,0.02,-0.37
5.4,-1.02,0.01,1.34
-2.63,-0.84,0.39,-0.82
-3.54,1.48,0.21,0.46
-8.04,-0.59,0.16,-0.7
0,0.76,-0.08,-0.01
10.53,0.78,0.07,3.77
-3.41,-1.39,0.43,-0.87
-22.48,-2.5,-0.24,-0.38
1.81,0.27,-0.07,0.94
8.32,-1.21,-0.76,-0.74
-1.99,0.95,-0.2,-0.88
-6.68,0.96,-2.34,0.84
5.03,0.62,-0.53,-0.88
5.38,-0.43,-1.77,0.59
13.15,0.54,-0.27,2.37
12.79,-0.05,0.87,-0.9
1.76,0.08,-0.38,0.08
15.98,#N/A,0.52,-2.36
5.02,#N/A,-1.44,0.56
-7.75,0.53,-0.9,0.07
3.27,0.72,0.74,0.58
3.66,0.02,-1.12,0.54
-2.93,1.36,-0.61,0.44
5.34,0.31,1.01,0.89
-1.35,0.14,0.17,-1.72
4.2,-0.37,0.55,-1.03
1.27,0.28,0.11,0.53
0.31,0.5,-1.15,-1.25
7.07,0.16,-0.55,1.36
2.88,0.2,-1.78,0.75
5.87,-0.19,0.05,0.25
-5.54,-0.38,0.63,-0.76
-0.1,0.26,0.49,-0.24
0.08,0.08,-0.4,0.19
4.85,-0.37,-0.65,-0.5
5.68,0.04,0.39,2.52
-5.61,-0.01,0.86,0.01
3.97,1.25,0.21,-1.56
4.15,0.16,0.16,-2.67
-1.83,-0.15,-1.18,1.66
-2.34,-0.57,-0.32,-0.01
-2.93,-0.38,0.1,-2.46
-6.99,0.39,-0.07,-4.43
7.31,-0.36,0.01,0.99
4.32,-0.12,-0.04,-0.15
3.06,0.28,0.61,0.29
1.13,-0.52,0.96,-2.44
-3.52,-1.43,0.69,-2.53
-1.06,-0.33,0,0.56
0.92,-0.59,-0.25,-1.27
-2.09,0.38,0.59,2.57
2.54,-0.58,0.01,1.95
6.18,0.86,0.86,1.72
-1,0.39,-0.36,-0.48
-0.62,-0.4,0.39,-0.81
-0.08,-1.59,0.29,0.16
9.71,0.27,0.71,-0.72
-0.15,0.2,0.17,1.71
8.34,-0.32,0.37,1.01
-0.38,#N/A,-0.85,-0.4
1.19,#N/A,0.15,1.31
-0.37,0.81,0.86,1.88
-0.52,0.12,0.52,-0.51
2.81,0.01,0.01,0.59
-1.67,1,0.17,-1.8
4.9,0.73,0.03,-0.07
-5.76,0.31,0.97,0.39
-1.72,-0.34,0.09,-0.52
2.27,0.27,0.29,-1.92
-1.11,0.57,0.47,-2.39
-3.08,0.42,-0.33,-0.16
-4.45,1.22,-0.2,1.32
-3.92,-0.18,0.6,-2.48
-2.72,-0.72,0.03,-1.92
0.63,-0.47,0.38,-0.43
-0.64,-0.26,0.2,3.14
0.67,-0.27,0.3,-1.19
3.23,0.35,0.92,3.43
10.82,-0.41,0.94,2.27
5.56,-0.6,1.1,1.65
-1.56,0.8,0,-0.41
-3.33,-0.07,0,-0.68
-4.52,-0.9,-0.1,-2.54
-0.14,0.71,0.1,0.7
-7.23,-0.85,#N/A,1.28
-2.51,-1.23,#N/A,-0.79
3.5,0.06,0.32,1.46
8.69,2.18,0.22,0.18
2.71,0.63,-0.33,1.03
-6.15,0.41,#N/A,-1.81
3.17,-0.71,#N/A,-0.01
-1.46,1.38,-0.06,1.12
-5.8,0.67,-0.94,-0.54
2.41,0.65,0.11,-1.62
0.03,0.01,-0.27,1.22
-0.08,0.57,0.22,-0.19
-3.76,-0.47,0.23,-1.08
0.16,0.33,0.06,0.07
-2.93,0.44,-0.05,-1.26
2.19,0.13,-0.33,1.89
-0.34,0.56,0.17,0.74
-0.64,-0.49,0.05,-0.96
2.65,-0.38,-0.55,-0.08
-2.21,0.29,-0.97,1.65
0,0.36,-0.12,-0.86
-0.44,-0.28,-0.32,1.48
-0.99,0.43,0,-0.46
-4.02,-1.32,0.76,-1.36
2.79,1.34,-0.42,-0.24
0,0.07,-0.75,0.34
-2.04,-0.24,0.02,-1.57
2.97,0.81,0,1.22
2.25,0.48,0.58,-0.03
0,0.42,-0.82,0.14
0,-0.37,-0.33,-1.94
3.43,-0.2,0.25,-2.03
1.29,-0.36,-0.29,-0.87
5.34,0.81,-0.04,0.79
-1.79,0.5,1.12,0.63
0,-0.13,0.68,-1.99
0,0.01,0.11,-0.56
1.05,0.25,-0.95,1.81
0,#N/A,0.05,-1.38
-1.8,#N/A,0.97,1.58
-0.87,-0.27,-0.64,-1.31
0,-0.32,-0.85,-0.66
-1.85,-0.13,0.2,0.78
0,-0.43,0.06,-0.48
1.66,1.12,-0.98,0.9
-0.93,0.18,-1.2,0.13
-0.77,-0.32,-0.07,2.46
-1.89,-1.13,-0.32,0.37
0,-0.38,0.05,0.44
1.39,-0.01,-0.2,-2.43
0,0.63,-2.1,-0.9
0,-0.31,-5.37,-1.65
0,1.66,0.06,1.96
1.24,-0.06,-0.07,-1.4
5.02,0.48,-0.41,2.59
0.89,0.53,0.64,0.51
2.18,0.29,0.31,-0.15
-1.5,#N/A,2.24,2.82
0.81,#N/A,0.65,0.89
1.29,-0.03,1.47,1.75
-3.44,-0.02,0.25,-2.22
1.36,0.4,2.29,-1.16
0.79,#N/A,-0.03,-3.62
1.92,#N/A,0.05,6.74
1.23,-0.03,0.17,3.19
0,-0.25,0.38,2.05
0.64,0.61,-0.31,-2.69
-1.68,-0.02,0.43,-4.07
0.52,0.03,0.04,0.55
-0.96,0.23,0,-3.66
0.22,-1.26,-0.15,-0.81
0.91,1.08,0.43,-2.42
-1.13,0.52,-0.65,1.47
-1.27,-0.13,-1.01,-0.03
0.6,-0.39,-0.11,-1.64
-0.89,#N/A,0.07,-4.14
-3.69,#N/A,0.63,-0.66
5.53,0.06,-0.32,-0.11
0,-0.89,#N/A,-0.98
-1.14,-2.09,#N/A,1.11
1.59,-0.49,0.42,-6.12
-2.15,0.61,0.07,0.45
3.73,-1.02,-0.35,-0.52
3.47,1.13,-0.3,2.66
3.28,-0.65,0.74,5.25
2.7,-2.28,-0.03,2
0,0.76,-0.46,-2.35
-1.9,-0.2,0.31,-1.72
-0.56,1.24,-0.19,1.93
0.61,1.33,0.34,-0.31
2.88,0.16,-0.41,0.71
-5.11,1.11,-0.06,3.68
2.83,-0.03,0.05,1.62
0.54,0.58,-0.06,-2.43
-0.37,0.48,0.04,-1.54
-3.91,#N/A,0.15,-3.65
4.25,#N/A,-0.05,-0.63
3.12,-0.65,-0.94,0.96
-1.45,0.6,0.09,-1.11
1.29,-0.19,0.7,1.6
1.3,0.62,0.35,4.26
1,-0.13,0.49,-3.39
0.67,0,0.05,1.85
5.1,0.49,-0.17,4.77
2.45,0.28,-0.53,-2.85
-1.04,-0.74,0.14,4.64
0,1.53,0.41,-5.85
2.74,-0.01,-0.67,-5.78
0,0.17,-0.22,-1.45
-1.68,0.05,0.04,-7.6
-1.36,-0.05,-0.32,1.75
3.58,-0.51,-0.88,0.93
-2.06,0.03,0.25,7.71
0.65,-1.17,2.02,1.92
0.59,-0.28,0.01,-0.77
-0.51,0.96,-1.53,-0.83
1.26,0.72,0.55,-5.91
-2.89,-0.61,0.45,-5.15
2.55,0.6,-0.85,-8.31
0.22,-0.29,-0.93,4.38
0.92,-0.49,0.03,4.16
2.14,0.44,0.13,-1.58
1.09,-0.7,-0.23,11.91
-4.42,-0.19,0.48,-5.06
-0.01,0.46,0.44,23.37
-1.49,0.79,0.63,-7.71
-2.66,0.7,0.42,11.63
1.4,0.29,0.12,7.15
-2.51,-0.11,-1.06,-3.88
-2.31,-1.25,0.81,8.52
1.04,-1.08,0.65,1.67
-3.96,0.38,0.24,2.41
1.43,1.09,-0.11,-3.68
-2.68,-2.09,0.62,0.42
2.72,-0.95,0.34,-3.72
-1.4,0.82,0.07,2.51
2.08,0.68,-0.08,5.77
-1.13,1.05,-0.18,1.07
-2.03,0.14,0.44,3.05
1.11,#N/A,0.01,1.4
4.91,#N/A,-0.08,-0.37
1.97,0.41,0.37,-1.39
1.28,-0.22,0.97,1.54
-2.3,0.17,-0.73,-0.03
1.51,-0.81,0.69,-1.14
-3.19,0.32,-0.14,-0.58
-1.65,0.48,-0.6,-0.35
2.77,0.3,-0.78,0.01
-4.05,-0.01,0.2,-1.13
-2.22,-0.13,-0.46,0.12
-3.23,0.19,0.54,-0.44
3.95,-0.9,0.76,0.05
3.18,0.56,-0.38,-1.03
1.63,-0.14,-0.86,-0.28
4.51,0.15,0.23,1.2
-0.68,0.97,-0.25,0.06
3.57,0.04,0.19,0.17
-2.75,-0.47,0.31,-0.33
-0.15,-0.94,0.39,0.55
0.89,0.37,1.14,0.34
-0.42,0.38,-0.75,-0.8
-2.84,-0.65,-0.12,0.75
-0.98,0.81,-0.24,-0.95
-0.35,0.24,0.13,-0.09
-0.15,0.42,-0.68,-1.02
-3.57,#N/A,0.67,-0.87
-3.72,#N/A,0.39,0.39
-3.08,-0.11,-0.1,-1.07
0,0.54,0.73,-0.69
-2.61,0.18,0.19,0.16
-3.36,0.07,0.44,-0.35
-2.07,-0.04,-0.14,1.1
-1.04,0.19,0.41,-0.16
-5.79,0.65,0.13,-1.03
-1.82,0.46,-0.75,1.7
-0.02,0.09,0.6,-0.7
0.94,-0.02,0.27,0.12
-2.18,-0.35,0.1,-0.34
-8.98,-0.71,-0.09,-0.49
0.84,0.31,0.2,-0.21
-2,0.08,0.26,0.63
-0.55,0.22,-0.07,-0.46
-4.3,0.77,0.54,-0.64
-0.8,0.13,-0.17,-0.87
-4.35,0.17,-0.66,0.87
2.92,-0.01,0.04,-0.6
3.39,-0.64,-0.15,0.22
3.95,0.49,-0.08,1.65
-1.32,-0.12,0.86,1.42
0,0.19,0.2,0.48
-0.47,-0.04,-0.36,-0.18
-2.18,0.67,-0.14,-0.18
-0.8,0.07,0.02,0.01
1.43,0.55,0.5,-0.34
9.41,#N/A,-0.46,-0.6
6.42,#N/A,-0.02,1.57
0,-0.7,0.26,0.5
2.15,0.46,0.11,-0.59
-0.48,-0.41,0.36,-1.16
-4.15,0.15,0.32,-0.38
2.58,0.48,0.28,0.11
3.18,-0.19,0.05,1.45
0.45,0.42,-0.13,0.32
0.43,-1.18,0.77,-0.16
3.62,1.03,-0.27,-0.52
1.84,-0.23,-0.04,-0.47
1.75,0.5,-0.22,-0.74
2.4,0.18,0.42,-0.85
-3.96,0.05,-0.47,0.94
-1.86,-0.48,-0.83,-0.16
2.27,0.03,0.04,0.35
2.65,-0.45,0.53,1.09
-1.04,0.01,-0.7,-0.24
6.16,-2,-0.2,1.74
2.34,-0.29,0.25,0.61
-3.05,0.72,0.21,0.02
0.86,-0.97,0.44,0.24
-2.08,0,-0.42,-0.69
-0.67,-0.56,-0.01,-0.22
4.38,1.15,-0.32,0.4
4.86,0.28,-0.4,0.97
-2.2,-0.16,0.64,-0.02
2.27,0.67,0.36,-0.25
-0.47,0.43,-0.59,0.18
0.17,-0.01,0.71,-0.88
0.52,0.85,0,-0.63
-2.97,0.5,-0.13,-0.27
1.39,0.25,-0.29,-0.1
-5.28,0.29,-0.32,-0.29
0.23,-0.2,0.11,0.01
-0.92,0.48,0.23,0.02
9.77,0.11,0.09,-0.03
2.03,0,0.01,-0.13
-2.15,-0.17,0.01,0.52
1.12,0.33,0.16,0.21
-1.45,#N/A,0.16,-0.56
-1.47,#N/A,0.68,-0.97
1.24,-0.08,0.11,0.29
-0.74,-0.15,-0.23,0.97
2.47,0.5,0.21,0
4.24,-0.31,-0.07,0.47
0,-0.65,0.04,-0.89
-1.39,0.36,0.28,-0.42
0.35,0.09,0.24,0.16
1.02,-0.6,0.01,-0.18
0,-0.07,0.33,0.04
-1.39,0.75,0.08,-0.13
0,0.13,-0.32,0.33
2.05,0.49,-0.14,-0.86
0,-0.05,-0.35,-0.99
0.47,-0.8,-0.59,1.09
-0.69,-0.58,0.15,-0.23
1.64,0.78,0.34,-0.25
2.08,-1.62,-0.1,0.81
-0.33,0.86,-0.31,0.15
1,-0.25,-0.24,-0.43
0,-0.28,0.06,0.67
0,-1.32,-0.36,-0.76
-1.32,0,0.15,-0.84
0,1.12,0.72,-0.17
-0.67,-0.16,-0.28,-0.92
-1.35,-1.51,-0.6,-0.33
0,1.75,-0.23,0.4
-0.11,-2.07,0.14,-0.81
0,-1.15,-0.42,1.51
-1.37,-1.65,#N/A,-0.55
-1.39,0.16,#N/A,-0.32
0,-0.81,0.21,1.01
0,0.01,0.21,-0.78
0,1.29,-0.25,-1.05
0,0.91,#N/A,-0.85
0,1.96,#N/A,1.47
0,-0.73,0.61,-0.07
-0.7,1.23,-0.26,0.3
-1.25,0.71,-0.11,0.1
0.19,-0.15,0.09,-1.55
0.54,1.19,-0.02,-1.09
-0.71,-0.14,0.61,-1.01
-1.32,0.62,-0.37,2.05
-1.75,1.17,0.45,-0.39
1.3,-0.01,0.27,0.03
2.55,-0.28,0.04,0.57
1.39,0.57,-0.26,-0.49
-1.62,0.38,0.22,-0.49
1.66,0.03,0.34,-0.34
1.45,0.31,0.01,0.67
1.85,0.07,-0.19,-0.05
-0.34,-0.07,0.02,-1.21
2.16,0.05,0.01,0.2
0.62,0.02,-0.1,1.88
3.19,0.07,0.37,-0.17
-0.64,0.51,0.01,0.31
0,-0.15,-0.3,0.18
2.93,0.2,0.1,0.1
0.74,0.52,-0.41,0.21
4.81,0.29,0.52,1.35
5.69,-0.12,0.31,-0.58
-3.57,0.28,-0.15,-0.44
-1.17,#N/A,-0.27,-0.4
0,#N/A,-0.4,0.38
2.42,-0.68,-0.01,-1.25
-5.2,0.64,0.25,-1.69
-1.88,0.38,0.04,0.25
0.49,-0.12,0.17,-0.58
-1.3,0.17,-0.53,-0.9
-0.63,-0.73,-0.22,2.12
1.36,-0.02,0.13,1.18
-0.2,-1.64,0,0.69
-1.7,0.45,0.68,1.35
0.66,-1.62,0,-0.42
-1.55,-0.63,0.36,-0.59
-1.51,-0.85,0.35,0.39
-1.98,2.04,0.05,-1.02
2.23,2.4,-0.21,0
-1.58,0.46,0.04,-0.57
2.83,0.38,-0.1,-0.24
3.14,0.17,0.15,-0.14
0.41,-0.01,-0.3,0.27
-0.74,#N/A,0,-0.27
0.38,#N/A,0.05,-0.07
1.22,0.09,-0.13,-2.17
-1.47,-0.49,-0.03,0.58
1.87,-1.03,0.23,-0.22
2.77,#N/A,0.06,-0.44
-3.86,#N/A,0.33,-0.21
0,-1.83,0.02,1.41
-0.74,-0.89,-0.14,1.12
-0.7,1.16,-0.05,-0.28
0.37,1.79,0.15,-0.19
-0.9,-0.84,-0.08,-0.14
1.07,-0.81,-0.76,-0.99
-0.97,-0.26,-0.31,1.32
-0.39,-0.58,0.27,0.17
1.38,-0.92,-0.01,-0.5
0,1.34,0.02,-0.58
0.82,#N/A,0.31,-0.35
1.26,#N/A,-0.11,0.12
0.88,0.47,#N/A,-1.01
1.32,1.53,#N/A,-0.42
1.4,-0.55,0.14,0.2
-1.77,0.26,0.63,1.92
2.25,-1.34,-0.08,0.33
-1.07,-1.35,0.04,-0.89
0.54,0.95,0.29,-0.21
-1.04,-1.3,0.19,-0.35
0.3,1.3,-0.19,-0.9
3.79,1.44,0.09,1.09
-0.79,-0.42,0.49,-0.64
1.21,1.03,-0.2,0.08
2.11,-0.34,0.05,-0.98
-2.35,-0.42,0.38,-1.35
-2.54,1.07,-0.15,1.34
-0.39,0,-0.25,-0.95
-0.74,0.96,0.08,1.04
2.35,0.41,0.76,2.43
2.15,#N/A,-0.49,0.48
1.04,#N/A,0.3,-0.47
0.69,-0.03,0.4,0.13
2.87,-0.11,-0.21,-1.1
-0.18,0.61,0.57,0.67
-1.09,-0.03,0.35,0.64
2.96,0.28,0.96,-0.55
2.81,-0.08,-0.54,0.16
-3.32,-0.15,-0.68,0.1
0.41,-0.3,-0.03,-0.58
0.47,0.61,-0.21,-0.16
0,-0.45,0.09,0.48
-0.89,-0.44,0.78,-0.67
-0.02,0.12,0,0.32
3.46,-1.42,0.38,-1.01
0.07,0.39,-0.13,-0.03
-2.04,-1.7,0.21,0.62
-0.08,-0.19,0.3,-1.82
0.41,1.26,-0.12,-0.36
-1.29,-0.61,0.27,0.44
0.53,1.35,-0.58,0.64
1.55,-0.33,-0.65,0.59
3.51,1.22,0.17,-0.16
1.28,-0.49,0.02,-0.34
0.1,0.9,0.24,-0.47
0.05,-0.17,-0.23,-1.33
1.43,-0.61,-0.29,-0.08
-0.44,-1.46,1.04,0.24
0.16,-0.24,0.04,0.55
-2.7,0.24,0.01,-0.31
-2.39,1.22,-0.21,-0.44
0.81,-0.88,-0.67,0.53
-4.46,-0.4,0.7,-0.18
-1.08,0.35,-0.26,0.57
0.63,#N/A,-0.23,0.33
0.25,#N/A,0.19,0.72
0.37,-0.21,0.36,-0.63
-2.15,0.27,-0.16,-0.12
4.26,0.45,-0.05,0.72
-1.58,0.52,0.46,-0.12
0.36,-0.46,0.27,-0.47
0.98,0.16,-0.05,-0.27
-0.9,0.51,0.23,-0.44
0.99,-0.08,0.41,0.94
-0.14,-1.13,0.37,-0.3
0.74,0.92,0.06,-0.05
-0.98,-0.15,0.13,-0.96
-3.18,0.51,-0.33,0.52
0.65,0.24,0.03,-0.46
2.98,0.23,0.26,-0.9
-0.49,-0.41,-0.24,0.72
-0.8,0.28,-0.15,-0.84
-0.11,-0.37,-0.2,-0.82
3.66,-1.01,0.18,-0.87
-1.23,1.09,-0.34,-1.06
-1.05,0.29,0.4,-1.23
-0.37,-1.18,0.42,-0.17
-0.35,-0.45,0.29,0.01
-0.22,0.38,-0.14,0.3
-2.14,1.35,0.22,-0.26
1.05,-0.51,0.27,-0.45
-1.62,-0.29,-0.21,-0.75
0.46,-0.03,-0.31,-1.02
1.69,1.08,0.02,0.43
2.51,0.08,-0.3,-0.28
2.09,0.3,0.37,-1.4
-2.06,-0.06,0,0.08
-1.32,-0.09,0.47,-2.27
3.51,0.23,0,-0.91
-2.05,-0.22,-0.29,-1.19
2.11,#N/A,0.36,-0.64
-1.13,#N/A,-0.21,2.46
-0.45,0.92,0.19,-0.11
-0.71,-0.13,0.39,-0.03
0.05,-0.63,-0.04,-0.03
-1.1,0.21,0.16,-3.31
0,-0.1,0.37,4.23
-2.76,0.21,-0.05,1.21
0.26,-0.86,0.23,1.4
-1.81,-0.14,0.66,1.27
-0.76,-0.65,-0.34,-0.96
-5.89,0.04,0.11,4.01
1.08,1.2,0.38,0.14
0.05,0.17,-0.12,-0.61
2.86,-0.7,0,1.97
-1.71,-0.46,0.56,-0.02
1.29,0.57,-0.16,0.73
2.21,0.2,0.2,1.22
-0.5,0.99,-0.71,-2.49
1.21,-0.53,0.4,1.61
0,0.61,0.42,-0.67
-1.66,0.06,-0.66,-0.93
2.61,-0.74,-0.19,0.01
-1.66,-0.3,-0.31,-0.93
-0.79,-0.04,0.03,-0.39
-3.94,-2.09,0.56,-0.08
2.33,0.27,-0.29,0.19
1.58,0.69,-0.6,-0.02
-1.13,-0.03,-0.17,0.7
-2.29,#N/A,0.37,-0.06
1.64,#N/A,0.38,-1.15
0.63,0.61,-0.29,0.93
2.64,-1.67,-0.17,0.32
0.08,0.23,0.08,0.01
-1.12,1.23,0.28,-0.07
-0.56,1.11,0.42,-0.04
-0.25,0.45,0.25,-0.1
2.57,-0.07,-0.01,-1.25
-2.22,0.8,-0.29,-0.47
0,0.11,0.56,-1.58
0.37,0.08,0.26,1.13
-0.57,-0.43,-0.24,-0.45
0.3,-0.24,-0.05,1.27
2.47,-0.57,-0.12,-0.83
0,-1.07,0.16,-1.18
-1.11,-0.58,0.13,2.25
-1.12,1.24,0.38,-1.32
-0.18,0.73,-0.07,-0.99
-0.66,0,0.03,-0.49
0,-0.23,0.03,1.4
-1.14,-0.28,-0.23,-0.69
-0.58,-0.22,-0.11,0.16
0,0.31,-0.28,0.23
0,-0.78,-0.41,-1.93
0,-0.29,0.48,-0.58
0.49,1.28,0.13,0.33
0,-0.96,0.03,2.91
0,0.1,-0.24,1.43
-0.32,-0.13,-0.05,-0.24
0,0.39,0.1,-1.53
0,0.52,-0.5,-0.04
0.56,-0.26,-0.27,0.94
1.06,-0.83,0.2,0.99
-0.57,-2.11,0.35,0.29
-1.15,-3.19,0.01,0.96
0,-3.94,-0.03,-1.48
1.11,-1.35,0.29,-0.18
-1.15,3.9,-0.22,1.28
-1.16,2.43,0.48,-0.13
0,0.06,-0.29,2.02
-0.22,-0.84,-0.13,-0.04
0,-2.96,-0.6,-0.92
-0.21,1.83,0.22,1.34
0,0.12,0.01,0.61
0.11,-1.53,-0.55,-0.5
-0.8,#N/A,-0.76,0.79
1.25,#N/A,0.4,-0.46
0.24,-1.39,0,0.05
1.17,0.53,-0.14,0.08
-1.51,0.45,0.14,-0.47
0,-0.41,0.38,1.1
-1.27,1.28,0.25,-0.24
3.14,0.87,-0.78,-0.69
0,-0.26,0.01,1.13
-1.86,-1.62,0.34,-0.31
0.95,0.46,0.17,0.45
0.28,-1.23,0.22,0.07
-1.89,-0.2,-0.85,-1.23
-1.18,-0.34,-0.21,0.26
-0.43,-0.05,0.05,-0.53
-0.79,-2.57,0.46,0.13
4.96,0.12,-1.05,0.53
0,1.91,-0.34,0.65
-0.58,0.2,0.1,-0.02
1.31,1.43,-0.15,-0.94
1.29,1.83,0.23,-0.68
0.6,-0.36,-0.8,-0.87
3.04,0.8,-0.24,-0.51
2.13,0.88,0.16,0.02
-0.46,0.07,0.84,0.91
0.23,0.13,-0.11,0.01
-0.24,-0.68,0.1,0.39
0,-0.47,-0.14,0.22
1.4,1.49,-0.26,0.07
-0.66,0.46,0.01,-1.03
-0.85,0.03,0.25,0.24
-2.15,-0.14,-0.62,-0.53
-1.1,-0.58,0.79,-1.69
-1.2,1.66,-0.14,-0.15
0.3,1.1,0.45,1.14
-1.39,-0.19,-0.18,-0.23
-1.88,-0.26,-0.05,-0.74
2.26,1.18,-0.73,0.57
-1.13,-0.04,0.32,0.08
-1.15,-0.48,0.45,0.91
-3.48,1.19,0.16,-1.25
1.52,0.27,-0.07,0.32
0.44,-0.35,-0.11,0.9
0.67,-0.11,0.25,0.56
3.38,-0.03,-0.13,0.27
2.14,-0.98,0.03,-0.21
0.47,0.15,-0.2,0.25
3.94,-0.32,0.18,-0.16
-2.21,-1.4,-0.59,0.74
0.45,-1.12,0.24,-0.48
-3.07,1.49,0.09,-1.11
-1.01,-0.13,0.48,-0.87
2.73,1.62,-0.55,0.66
-2.34,-0.11,0.24,-0.09
-0.32,0.38,0.28,-0.63
-0.89,-0.12,-0.27,0.39
-0.33,0.12,-0.24,-0.16
2.31,-0.01,-0.3,0.14
-0.24,#N/A,-0.19,-0.76
-3.91,#N/A,-0.56,-0.56
2.79,-0.46,0.1,-1.29
2.22,1.07,-0.4,0.18
2.21,-1.1,0.46,-0.01
0.26,-1.44,-0.34,0.08
-3.75,2.05,0.31,-0.86
-1.12,-0.7,0.23,1.8
0,-0.65,-0.01,-0.45
0.51,-0.77,-0.01,0.22
0.87,0.23,0.23,-0.35
2.46,-1.94,-0.09,-0.02
0.55,0.48,0.03,-0.33
0,1.06,0.66,0.41
-2.18,1.45,-0.11,-0.92
-2.04,-1.5,0.25,-0.46
2.09,-1.78,0.12,0.39
-0.9,0.78,0.19,-1.43
-1.42,0.88,0.02,-0.5
1.11,1.24,-0.25,-0.4
-2.33,-0.16,-0.61,0.17
0.28,#N/A,0.51,-1.19
0.49,#N/A,-0.04,-0.18
0.41,1.06,-0.23,-1.23
0.35,-0.72,0.4,-0.13
-1.98,-0.94,0.4,0.6
0,#N/A,0.03,0.39
2.73,#N/A,0.23,1.86
-0.27,0.2,0.07,0.89
-2.95,-1.31,0.56,0.36
-3.81,-2.37,-0.24,-0.76
-1.31,-1.08,-0.13,-0.73
4.97,0.09,-0.2,0.61
0,0.78,-0.01,-0.7
-0.28,-2.5,-0.01,-1.02
-0.4,1.67,-0.23,-0.01
-0.59,-2.16,-0.22,0.47
-0.98,#N/A,0.02,-0.96
0.06,#N/A,-0.25,0.4
-5.02,-1.17,0.19,-1.97
-0.13,0.52,0.05,-1.36
-4.38,2.03,-0.01,0.09
-2.64,-1.56,0.17,-0.44
-2.03,1.41,-0.26,0.14
-0.31,-1.09,-0.32,0.97
1.45,0.55,-0.01,1.49
-0.9,2.48,-0.04,0.19
-2.06,-0.04,0.04,-1.15
4.33,-1.87,0.38,-0.63
-2.42,0.5,0.2,-0.59
0.99,0.15,-0.08,1.23
2.32,-1.85,0.46,-0.06
0.67,-1.42,0.14,-0.2
1.26,-0.07,0.06,0.39
-0.4,-0.02,-0.19,0.71
-0.64,-1.23,-0.05,0.24
0.18,1.95,#N/A,-1.04
0,#N/A,#N/A,-1.03
2.64,#N/A,0.31,1.47
3.17,1.65,-0.25,0.17
0.75,-0.47,0.31,-2.32
-1.24,0,0.19,-0.39
-0.26,1.45,0.01,-1.12
0.54,-1.25,0.03,1.92
0,0.44,0.2,0.66
0.56,1.13,0.15,0.67
4.41,-0.19,0.28,0.41
-1.46,-0.81,0.01,0.92
0.4,2.39,0.09,-0.76
-2.73,0.41,-0.26,0.09
-1.45,0.35,0.23,-0.04
0,0.33,-0.25,0.01
1.66,0.09,0.26,-0.43
1.47,-1.12,0.23,-0.53
-4.01,0.51,0.23,-0.07
-0.45,0.02,-0.34,-0.66
1.66,1.64,-0.03,-0.42
0.03,-0.13,0.06,-1.11
-1.88,-0.18,0.16,0.06
-1.07,0.56,0.02,-0.14
-2.09,0.66,-0.08,-0.1
4.5,0.44,0.37,2.48
0.28,0.1,-0.05,-0.21
3.13,-0.09,0.03,-1.6
-0.77,-0.64,0.07,-1.09
0,-0.04,0.38,1.97
-6.01,#N/A,-0.45,1.35
-2.12,#N/A,0.17,-0.56
1.55,0.88,-0.05,-0.99
2.85,0.44,0.01,0.82
-2.58,-0.2,0.35,-0.55
-4.88,0.63,-0.24,0.01
-2.07,-0.32,0.21,-2.58
-0.69,-1.01,-0.15,2.97
3.2,1.05,-0.49,0.51
-0.05,-1.2,0.63,-0.12
0.08,0.28,0.23,3.13
0.21,-0.27,-0.2,0.83
2.86,0.97,-0.01,2.25
2.12,1,-0.11,-1.77
-3.93,0.02,-0.02,0.81
-1.98,-0.1,0.47,1.34
6.03,0.65,0.11,0.35
0.25,0.31,-0.45,0.17
2.62,0.08,-0.51,0.57
3.54,-0.52,-0.27,-1.33
0.52,0,-0.1,-0.95
-1,-0.18,-0.17,-0.5
0.61,0.19,0.03,1.25
5.06,0.16,0.33,-0.67
3.46,-0.92,0.28,-0.18
2.02,-0.51,-0.27,0.81
0.01,0.78,0.75,0.3
-1.11,-0.87,0.51,1.19
0.71,-0.59,0.04,1.31
0,-0.02,0.1,-0.5
0.56,0.32,-0.28,-0.1
0,0.08,0.1,1.85
-4.54,1.25,-0.1,0.19
0.61,-0.96,0.23,0.36
-2.3,-0.02,-0.27,0.22
2.73,-0.85,-0.36,-0.29
0.9,0.98,0.3,-0.35
-2.22,-0.94,-0.23,-0.55
1.89,0.02,0.34,-0.66
-1.71,-0.37,-0.12,0.36
0.58,0.6,0.23,1.23
-0.14,-0.21,0.8,2.18
-1.16,1.37,0.01,-0.64
1.68,0.7,0.34,-0.61
0.63,-0.02,0.75,0.1
-0.57,0.43,0.11,-0.15
0,#N/A,0.71,-0.48
0,#N/A,-0.73,0.09
0,0.11,0.44,-0.56
0,0.28,0.73,-0.26
0.39,-0.29,0.34,0.13
0,0.49,-0.99,0.84
0,0.13,0.48,0.55
0,0.33,-0.35,-0.25
0,-0.17,0.47,-0.1
-1.15,-0.92,0.23,-0.1
0,-0.81,0.42,0.43
-0.58,-0.18,0.15,0.47
-1.17,-0.18,-0.08,-0.16
-1.18,0.31,-0.29,0.24
-0.6,-0.33,-0.86,-0.71
0,0.58,0.14,0.31
0,0.27,0.34,0.35
0,-0.17,-0.38,-0.75
0,1.34,0.56,1.07
-1.2,-3.59,-0.27,0.23
-1.22,-1.81,0.43,-0.5
0,1.78,0.83,-0.11
2.33,1.7,0.03,-0.06
-0.84,1.36,0.18,-0.44
0,0.19,-0.38,-0.83
-0.61,#N/A,0.24,-0.59
0,#N/A,0.36,0.25
-1.22,0.54,-0.12,-0.83
-2.47,-0.09,-0.6,-0.44
2.12,1.53,0.03,-0.04
0,0.34,-0.35,0.17
0.65,0.7,0.05,-0.45
0,0.01,0.85,0.74
0.05,0.53,-0.13,0.31
-1.85,-0.09,0.38,0.6
-0.39,0.24,0.79,0.41
0.7,-0.14,-0.51,0.55
0.71,0.43,-0.61,0.37
-1.4,-0.36,-0.51,0.08
0.25,0.46,0.17,-0.12
-0.28,-0.3,0.26,0.44
-5.79,0.03,0.33,-0.23
-2.01,-0.12,0.76,-0.52
-2.87,0.16,0,-0.38
2.02,0.16,-0.78,-0.27
1.15,-0.13,-0.44,-0.22
1.79,-0.64,-0.36,0.34
0.51,0.31,0.03,-0.37
1.7,0.02,-0.51,-0.48
2.08,0.86,-0.28,0.07
0.72,-0.09,0.49,0.19
-1.27,0.04,-0.26,-0.08
1.29,-0.29,0.56,-0.46
0.69,0.47,0.04,0.88
1.86,-0.08,0.06,-0.13
0.34,0.28,0.02,-0.55
-0.14,-0.55,0.06,0.64
-2.18,0.19,0.01,0.27
2.77,0.22,0.78,0.29
2.13,-0.14,-0.45,0.66
1.76,-0.06,-0.59,0.5
-0.57,0.2,0.52,-0.15
2.29,-0.52,0.77,-0.75
1.35,-0.14,1,0.26
0.7,-0.16,-0.42,1.23
0.95,0.52,-0.44,-0.82
-0.38,-0.2,0.05,-0.14
-1.64,-0.24,0.37,-0.6
2.68,0,-0.56,-0.24
-1.47,0.42,0.43,0.27
0.11,#N/A,-0.6,-0.37
0.23,#N/A,0.01,-0.55
-0.34,-0.01,0.11,-0.58
-1.77,-0.22,-0.19,0.1
-1.74,-2.45,0.05,0.75
-1.49,1.47,0.26,-0.43
-1.37,-1.48,-0.3,0.31
-2.43,-0.06,0.19,-0.95
-1.85,1.01,0.07,0.25
-1.27,-0.38,0.39,-1.05
1.51,0,0.01,0.97
0.57,0.03,-0.61,0.64
0.1,1.09,-0.05,-0.33
2.16,0.65,-0.21,0.45
-1.57,-0.57,-0.76,-1.68
2.74,-0.86,-0.41,0.64
0.61,0.64,0.56,0.76
0.69,0.53,-0.09,0.32
0,-0.93,-0.17,0.45
-4.25,0.8,0.31,0.1
0.46,-0.33,0.32,-0.3
0.51,-0.5,-0.53,0.26
1.78,0.43,0.14,0.88
0.59,0.05,0.22,-0.46
-0.27,-0.33,0.39,-0.08
0.67,0.46,-0.11,0.27
2.57,-1.24,0.43,-0.08
-0.31,0.11,0.21,-0.66
-0.14,-0.31,-0.59,-0.16
-0.98,0.02,-0.31,0.15
-2.43,-0.3,0.08,0.06
-0.37,0.62,-0.47,0.56
-0.62,0.22,#N/A,-0.74
-1.39,-0.14,#N/A,0.15
-2.54,-0.01,0.69,-0.74
-3.79,0.47,0.03,-0.98
2.55,-0.38,0.16,-0.19
1.75,-0.17,0,-1.19
1.81,-0.3,#N/A,0.06
-0.84,-0.31,#N/A,1.06
-5.23,-0.01,-0.2,-0.63
-1.44,-0.68,-0.02,1.95
0.66,-0.65,0.26,1.45
0.1,-0.44,-0.01,-1.33
2.21,-0.17,0,0.07
-3.44,2.22,0.29,1.13
-1.46,0.38,-0.11,0.05
2.9,1.11,0.47,0.88
-2.7,0.2,0.03,-0.65
0.6,-0.14,0.07,-0.41
0.62,-0.01,-0.2,-0.07
0.33,0.75,-0.38,0.29
1.47,-0.16,-0.25,0.22
-2.12,0.47,-0.13,-0.03
-2.34,-0.24,-0.05,0.28
-0.21,0.75,0.28,-0.43
-1.41,0.22,0.32,-0.2
5.13,0.08,0.18,-0.15
0.64,#N/A,0.47,-0.75
3.82,#N/A,0.13,-0.67
0.22,-0.53,-0.17,0.16
1.09,0.13,-0.03,-0.65
-1.29,-0.27,-0.61,0.49
-0.8,-0.35,0.38,0.4
-1.58,0.04,-0.34,-0.96
-3.34,0.58,0.11,-0.49
0.03,0.34,-0.24,-0.1
3.58,1.32,0.52,0.6
-0.28,0.22,-0.17,0.73
-0.84,0.59,0.36,-0.01
0.38,-0.11,-0.03,-0.72
0.92,0.65,-0.38,-0.15
0.03,-0.81,-0.02,-0.3
1.57,0.39,0.03,-0.57
-0.66,-0.18,-0.18,-0.63
0.88,0.2,0.24,-0.36
0,0.36,0.15,0.73
-1.31,-0.25,0.07,-0.22
0,-0.19,0.35,0.39
-0.11,0.13,-0.01,0.51
2.68,#N/A,-0.14,-0.78
0,#N/A,-0.3,0.54
0,-0.84,0.32,0.66
0.86,-0.03,-0.17,-0.8
0,-0.46,0.25,0.52
0,#N/A,-0.18,1.35
1.65,#N/A,-0.26,0.16
0,0.57,-0.07,-0.62
0,-0.08,0.17,1.03
1.06,0.35,-0.34,0.24
0,-0.35,-0.9,0.89
-1.25,0,0.15,-0.45
2.23,0.28,-0.05,1.05
0,-0.21,-0.44,0.43
0,0.18,0.14,-0.04
0,#N/A,0.45,0.2
-1.23,#N/A,0.12,-0.27
0,0.18,0.22,-1.21
-1.25,-0.36,-0.02,0.25
-1.27,0.34,0.28,0.2
0,-0.27,-0.03,-0.67
0.9,0.66,0.21,-0.69
-2.54,0.8,-0.37,-0.09
1.61,-0.07,0,-0.54
0,-0.09,0.13,-0.1
2.51,-0.6,-0.46,0
0,-0.09,0.22,-0.2
-0.21,0.03,0.29,-0.57
0.55,0.06,#N/A,-0.23
-1.42,0.73,#N/A,-0.23
0.44,-0.21,0.29,-0.43
0.41,0.02,-0.29,0.9
1.04,0.07,-0.07,0.07
0,0.58,0.33,-0.69
-1.44,0.36,0.12,0.02
0,0.52,-0.2,0.35
-0.11,0.4,0.16,0.17
1.56,0.5,0.05,-0.4
-1.52,-0.09,-0.13,0.22
-0.66,0.17,0.22,-2.07
1.63,#N/A,-0.23,0.09
-0.81,#N/A,-0.18,-0.07
0.48,-0.11,0.13,0.28
-2.89,0.04,0.07,1.53
-0.59,0.15,0.13,1.89
6.07,0.1,-0.24,0.46
0.29,-0.26,0.17,0.52
1.51,1.37,0.03,0.39
1.34,-0.59,0.22,0.54
-0.08,0.05,0.05,0.34
2.18,-0.33,0.22,0.71
0.33,-0.29,-0.1,-0.53
2.2,-0.23,-0.08,-0.49
-5.1,0.08,0.22,-0.51
1.11,0.33,0.24,0.33
-2.9,0.04,0.01,-1.24
1.63,-0.34,0.04,-0.22
-0.6,0.84,0.29,-0.54
-0.45,-0.16,-0.25,0.39
2.04,-0.13,-0.05,0.57
2.62,-0.2,-0.41,-0.07
1.82,-1.24,0.46,-0.66
1.96,0.19,-0.29,-0.2
0.48,-0.11,0.06,-0.82
-4.98,-0.08,0.02,0.35
-1.19,-0.1,0.1,0.21
-1.96,0.73,0.43,-0.56
-2.82,0.11,0.24,-1.12
-0.1,0.29,0.47,1.28
3.42,-0.23,-0.18,-0.76
-0.6,-0.16,-0.14,0.62
-1.82,0.06,-0.56,1.05
-1.69,-0.31,0.05,0.19
4.57,0.19,0.03,0.67
-1.72,-0.08,0.3,-0.03
1.24,0.07,-0.35,-0.82
2.11,-0.14,0.33,-0.74
0.51,-0.38,-0.04,1.04
-0.04,-0.68,0.23,-0.14
-1.32,#N/A,0.02,-0.76
-0.9,#N/A,-0.24,0.13
0,-0.29,-0.02,-0.49
1.89,-0.17,0.27,0.6
0,0.76,-0.35,0.86
-1.47,-0.3,0.42,0.93
-0.45,1.08,-0.1,0.04
1.2,0.61,0.08,-0.31
-0.62,-0.05,0.23,-1.5
-0.59,0.06,-0.36,-0.37
1.61,-0.19,0.01,-1.19
5.24,0.17,0.49,-1.14
0.86,0.12,-0.27,0.9
-1.82,-0.13,0.01,-0.16
-0.89,0.06,0.17,-0.27
7.55,0.41,0.27,0.17
-2.33,0,0.28,1.52
1.03,-0.1,0.08,-0.16
1.62,0.11,0.07,-1.03
-2.12,-0.22,0.1,-1.56
-0.98,-0.15,-0.02,0.65
-0.46,0.48,0.31,2.35
-4.25,-0.07,-0.18,0.03
2.28,-1.82,0.2,-0.64
0,0.37,-0.15,0.16
-0.11,0.68,0.37,-0.62
-0.36,0.52,0.21,-2.03
0.75,0.18,0.29,-0.54
-1.07,0.25,-0.06,-0.78
-3.06,0.44,-0.12,-1.02
-0.58,0.03,-0.49,1.57
-1.86,#N/A,0.36,1.09
-1.91,#N/A,0,-0.91
1.47,-0.05,-0.05,-0.46
-0.27,0.76,0.22,-0.52
0.31,0.37,-0.55,0.4
1.94,-0.12,0.16,-1.68
-0.59,-0.28,-0.41,0.17
0.53,0.16,-0.11,-0.22
-2.4,0.03,-0.06,1.08
-0.45,-0.08,0.16,0.19
0.59,-0.1,-0.02,0.93
2.77,0.45,-0.41,-2.22
-2.87,-0.1,-0.4,-0.64
0.52,-0.22,-0.11,1.71
1.06,0.03,0.13,1.62
1.56,0.83,0.09,-0.53
-1.6,-0.67,-0.02,-1.67
0.16,-0.06,0.43,-0.68
-0.83,-0.05,0.27,0.7
2.1,0.16,-0.07,1.48
-0.17,0.03,0.16,2.29
-3.3,-0.81,0.11,-1.64
0.13,0.88,-0.13,-0.28
-1.48,-0.86,0.18,2.76
0.62,0.15,0.31,1.32
0.42,0.23,0.02,0.24
2.09,#N/A,-0.09,-0.3
2.81,#N/A,-0.07,0.37
-4.18,-0.94,-0.44,0.25
0.01,0.64,0.14,-0.21
-1.13,0.09,-0.07,-0.64
0.64,-0.08,0.01,-0.18
4.75,0.73,-0.38,0.41
1.8,0.19,-0.02,-0.74
-0.24,0.47,-0.28,-1.13
2.09,-0.01,0.2,1.01
-2.57,0.06,0.07,-0.65
0.23,0.54,0.18,0.18
-0.57,-0.02,0.09,-0.03
-3.46,-0.04,0.05,2.09
-0.17,-0.11,0.31,1.45
-0.22,0.29,0.18,1.87
2.07,0.03,0.34,0.64
0.13,-0.1,-0.12,1.43
-1.62,-0.13,0.02,-0.64
-0.11,-0.07,0.02,1.04
3.19,0.24,0.05,-0.24
3.81,0.05,0.09,-0.21
2.45,-0.22,-0.05,-1.65
0.12,0.19,-0.26,-1.18
-2.35,0.16,-0.41,0.17
-0.77,-0.24,0.02,-0.94
-0.05,-0.04,0.15,0
-3.37,-1.45,0.21,-0.37
-1.3,0.13,0.18,-0.35
-0.15,1,0.11,2.71
-0.18,-0.05,0.01,-1.12
-0.97,0.14,-0.31,4.07
-2.38,-1.54,-0.4,1.31
2.99,-0.18,-0.04,-0.63
-1.06,0.12,0.33,-0.72
-1.09,0.99,-0.06,-0.84
2.06,-0.35,0.2,0.25
0.6,-0.21,-0.01,-0.09
-1.12,0.17,-0.29,0.18
-2.39,0.05,0.31,-0.99
3.07,0.08,0.25,0.97
1.14,0.46,#N/A,-0.47
-1.79,0.57,#N/A,0.52
-1.57,0.2,-0.16,-0.09
-2.54,#N/A,-0.1,-0.47
0.71,#N/A,0.17,0.63
3.6,0.31,-0.25,0.31
-3.58,-0.02,0.46,-0.35
0.96,-0.15,0.12,1.19
-5.73,1.08,-0.02,0.13
2.28,0.34,0.02,-0.42
0.97,0.08,0.06,1.17
0.56,-0.11,-0.02,0.09
0.21,0.18,-0.16,-0.5
-0.75,0.15,0.04,-0.15
-0.42,0.11,-0.18,0.02
3.37,0.06,-0.22,0.42
0.59,-0.3,-0.16,0.57
4.39,0.06,0.01,1.68
2.44,-0.22,-0.02,-0.33
-3.41,0.01,0.17,-1.22
2.16,0.41,0.12,-0.91
-1.89,0.12,0.1,0.88
1.31,0.37,-0.03,0.47
-0.42,0.39,0.01,0.12
-2.91,0.22,-0.05,-0.86
-2.63,0.12,0.1,-0.19
-0.9,0.56,0.05,0.03
1.13,-0.11,0.09,-0.51
-1.23,-0.18,-0.25,-0.25
1.84,0.23,0.09,0.01
-0.16,0.18,-0.17,0.85
-0.79,-0.17,-0.18,-0.47
-1.23,0.09,-0.13,0.01
-0.62,0.18,0.14,-0.69
0.01,0.07,-0.25,-1.58
-0.58,0.07,-0.41,1.09
0.58,0.03,0.18,0.33
-1.26,0.51,0.01,-0.97
0.55,-0.4,0.28,-0.07
0.63,0.16,-0.08,-0.98
-0.63,-0.47,#N/A,-1.23
0,0.13,#N/A,-1.88
0,0.81,0.3,-0.03
-1.26,-0.32,0,0.94
0,0.09,-0.16,-0.54
-0.64,0.16,#N/A,0.21
0.76,0.02,#N/A,-0.48
-0.64,0.31,-0.37,-0.02
3.74,0.13,-0.05,0.11
1.43,-0.02,0.12,-0.58
1.63,0.14,0.22,-0.92
0.61,-0.38,0.09,0.28
4.05,-0.09,-0.16,0.1
-1.15,0.1,0.15,0.47
-1.16,-0.23,0.13,-0.22
0,-0.55,0.19,-0.66
0,0.82,0.01,-0.55
0,-0.26,-0.34,0.75
1.04,0.13,0.26,-0.34
1.87,0.65,0.03,-0.44
-1.14,-0.08,0.06,-0.08
-1.16,#N/A,-0.02,-0.01
-1.17,#N/A,-0.08,-0.5
0,-0.04,-0.67,-0.25
0.59,0.98,-0.1,0
-0.17,-0.04,-0.13,-1.19
1.66,0.82,-0.17,0.06
0,-0.2,0.03,-0.81
-0.58,-0.11,-0.12,1.13
0,-0.37,0.24,1.51
0,-0.01,-0.27,1.96
-1.17,0.29,0.28,-0.99
-0.15,0.55,0.15,1.03
0,0.32,-0.02,-0.64
3.13,0.15,0.15,2.29
-4.59,-0.05,-0.28,0
0,-0.41,-0.23,-1.03
-3.2,0.9,0.36,-1.06
0,0.54,-0.1,-0.24
-0.76,-0.32,0.03,-1.46
-0.25,-0.08,-0.28,-0.08
-1.25,0.2,0,-1.67
-2.23,-0.05,0.31,0.96
-1.35,#N/A,0.13,0.23
-1.33,#N/A,0.51,0.19
1.5,0.08,0.1,-0.38
1,0.18,-0.15,-0.91
-0.79,-0.52,0.06,-1.05
-0.34,#N/A,0.18,1.85
-0.99,#N/A,-0.22,1.72
2.54,0.64,-0.11,-0.08
2.66,0.4,-0.32,-0.46
0.73,0.7,-0.36,-0.76
1.34,0.17,-0.35,0.58
-2.39,0.13,0.02,0.43
-0.21,-0.11,0.24,-0.73
-1.91,0.7,0.02,0.27
-0.89,0.67,-0.15,-0.61
-3.17,#N/A,0.19,0.66
4.72,#N/A,0.27,-0.2
-0.64,0.94,0.35,0.6
-3.3,-0.16,-0.26,0.14
-0.23,0.44,0.04,0.18
-2.18,0.81,0.13,-0.63
2.8,0.22,-0.04,0.32
-0.56,-0.06,0.09,-1.93
-4.71,0.06,0.29,-0.9
0.68,1.18,-0.13,-0.06
1.93,-0.67,#N/A,0.58
1.72,-1.09,#N/A,0
-1.05,0.05,0.14,0.93
3.19,-0.06,-0.15,0.44
-1.53,-2.12,0.31,-1.42
-1.01,-4.1,0.43,-1.13
-0.68,1.74,0.68,0
1.7,-0.5,-0.28,0.08
0.49,-3.75,-0.15,-2.26
3.52,1.49,-0.38,0.43
-0.65,1.39,0.11,-0.55
0.08,0.26,0.5,1
0.82,1.34,0.21,-0.26
-3.22,1.21,-0.18,0.03
-0.02,0.04,0.05,-0.4
-3.33,#N/A,0.15,-0.75
0.48,#N/A,-0.16,-2.72
-3.43,-0.55,0.05,0.32
-0.3,0.1,-0.03,0.6
0,1.6,0.03,-2.06
-0.85,1.18,-0.11,0.11
-1.12,-1.27,0.37,0.33
-2.91,-1.11,-0.09,-0.97
-3.67,-1.33,-0.02,-0.6
-0.88,0.51,0.3,-0.88
6.3,1.1,0.05,-0.86
0.62,0.26,-0.78,-1.8
-1.47,-0.05,-0.16,-1.08
4.99,0.45,-0.12,1.35
-1.42,1.74,0.15,-0.67
0.19,-0.13,-0.14,1.91
1.11,-0.64,-0.58,2.95
-1.85,-0.57,-0.1,2.07
-1.38,-0.08,-0.3,-0.03
-0.09,0.17,0.21,-0.74
-6.53,-1.42,0.46,0.98
1.44,0.15,-0.58,-0.13
-0.48,-0.18,-0.03,-2.02
0.19,-2.52,0.16,0.8
-0.65,-2.1,-0.41,2
-2.57,2.72,0.07,-2.15
3.33,-1.73,0.13,0.64
0.82,-0.29,0.03,-2.65
3.8,1.38,-0.71,-0.64
0,#N/A,0.08,2.87
5.7,#N/A,-0.09,-0.53
-0.56,1.26,-0.22,0.7
-5.64,1.16,0.21,0.14
0,0.69,-0.21,1.49
-3.04,-2.19,0.19,0.75
-0.98,0.33,0.04,-0.64
1.93,1.67,-0.66,1.37
0,-0.55,-0.31,1.95
1.61,0.83,0.03,0.37
-1.5,-0.29,-0.22,-1.98
-0.16,0.81,0.33,1.3
1.63,1.07,0.32,0.85
1.66,0.08,-0.31,0.52
-1.1,-0.57,0.02,-0.91
1.38,-0.85,-0.72,-0.54
-1.98,0.01,-0.92,0.02
-2.26,-1.34,-0.42,-1.02
1.85,0.18,-0.2,-0.32
-0.29,1.04,-0.25,-0.37
3.11,0.11,0.37,1.17
-4.26,-0.82,0.36,0.47
-3.02,0.25,0.25,-1.91
0.09,-0.72,0.02,-1.04
0.07,-0.23,0.13,-0.38
-1.47,1.28,0.17,0.21
0.84,0.35,-0.17,0.76
1.72,-0.03,0.01,0.59
-0.16,0.97,-1.41,0.1
-1.16,0.94,0.6,0.33
1.17,0.17,0,-1.94
4.1,0.09,-0.27,1.59
5.6,-0.68,0.72,2.13
1.89,0.41,-0.19,-1.38
-3.5,-0.09,0.33,0.82
2.27,-0.26,0.22,-0.84
1.96,0.74,0.25,-0.48
3.34,-0.31,-0.38,0.53
2.58,0.32,0.41,-0.18
1.98,-0.2,0.12,-1.2
1.65,-0.24,-0.24,-0.32
0.07,#N/A,-0.41,-0.92
0.26,#N/A,-0.08,-0.04
-2.25,1.27,0.41,-1.08
-1.29,-0.69,-0.28,1.2
-0.23,1.08,-0.08,0.85
-1.75,0.45,0.12,-0.14
5.23,0.07,-0.92,-1.11
1.17,0.86,0.8,1.82
0.63,-0.07,-0.25,3.23
0.15,0.31,0,-0.38
-1.15,0.11,0.27,0.44
-0.12,0.17,0.08,1.02
0.6,-0.4,0.05,-2.06
-0.63,0.25,-0.23,0.94
3.22,-0.1,-0.72,0.16
-0.09,-0.21,0.02,-0.07
-1.79,-0.4,-0.4,0.01
-0.71,0.17,-0.46,0
1.03,-0.63,-0.41,1.05
-2.49,0.19,0.42,-0.87
-0.08,-1.37,-0.29,0.38
-0.46,0.22,-0.19,0
-1.05,-0.86,0.62,-1.39
-1.89,0.62,0.19,-0.74
-0.58,0.08,0.69,-1.37
0.95,0.31,-0.45,0.76
-0.01,-0.49,0.36,0.81
1.49,#N/A,#N/A,-0.63
-2.28,#N/A,#N/A,0.14
-0.44,0.85,-0.79,-0.81
2.59,0.88,-0.27,-1.12
-0.01,0.35,-0.71,0.38
-2.59,-0.71,0.19,-1.72
6.34,0.87,0.37,-0.78
-0.63,0.11,-0.46,-0.46
-2.29,-0.1,0.25,-0.74
-0.56,0.4,0.1,-1.17
0.14,0.22,0.01,1.98
-2.73,-0.4,0.03,-0.47
-3.2,-0.09,0.09,1
2.6,0.18,0.85,-0.69
1.85,0.48,-0.23,1.36
3.54,0.91,0.28,-0.91
-0.12,-0.3,0.14,0.26
1.3,-0.66,0.48,-1.07
1.6,-0.58,0.26,-1.11
1.49,0.49,-0.26,-0.92
-0.75,-0.1,0.09,-0.05
-0.41,0.49,-0.05,-1.74
-0.76,0.46,-0.23,-0.27
-0.41,0.35,0.11,1.21
2.66,0.28,0.08,-1.56
1.95,-0.03,-0.22,2.03
0.61,-0.14,0.22,-0.28
-2.1,-0.71,-0.01,-1.08
0.58,-0.4,-0.2,1.96
0.04,0.64,-0.09,2.34
-1.2,-0.76,0.12,0.15
-2.32,0.79,0.03,-1.86
0.22,0.33,-0.21,-2.63
0.9,0.24,0.44,2.71
0.54,0.21,0.5,4.97
2.08,-0.04,0.05,1.86
1.13,-0.17,-0.16,0.69
-0.11,0.62,0.57,0.66
1.35,0.77,0.18,-0.18
-0.59,0.03,-0.23,-0.9
-0.72,0.57,0.16,-0.52
3.62,-0.44,-0.04,-0.02
1.39,0.01,-0.03,-0.31
1.23,#N/A,-0.07,-0.71
0,#N/A,-0.03,0.36
0,-0.28,-0.46,-0.29
1.66,-0.37,0.05,-0.15
0.43,-0.22,-0.44,0.67
0,0.19,0.08,0.7
-0.55,0.37,0.28,-0.58
0,0.04,-0.86,-0.77
0.16,0.53,0.03,0.51
1.51,0.03,-0.13,-0.6
-0.54,-0.56,0.25,-0.13
0.15,0.54,0.32,-0.15
0.44,0.13,-0.08,-0.35
-2.16,0.78,0.47,1.22
0,-0.04,-0.33,-0.39
0,-0.35,-0.57,0.3
-0.28,-0.13,0.15,-0.16
0,-0.33,0.33,0.39
1.26,0.28,0.11,-0.8
-1.09,0,0.37,-0.13
0,0.36,-0.22,-0.25
0.31,-0.04,0.01,-0.14
0,0.07,0.01,-0.79
0.74,-0.82,0.01,0.42
0,-0.55,-0.41,0.41
0,-0.04,0.21,-1.52
0,-0.14,-0.51,-0.56
0,-3.29,-0.05,-0.29
0,-2.06,-0.03,-1.52
0,1.42,0.18,-0.1
0,-0.59,0.45,1.63
0,2.15,-0.29,-0.47
-1.09,-0.03,0.01,1.02
0,-1.44,0.19,0.63
-1.11,-0.04,-0.09,0.8
0,-0.43,0.17,1.01
0.82,-0.55,-0.15,0.83
-2.46,-3.09,0.04,-1.38
0.64,1.86,0.47,-0.8
-1.41,-1.73,-0.16,-0.8
0,-0.66,-0.41,0.53
1.35,1.57,#N/A,0.19
-0.98,1.09,#N/A,-0.56
1.56,1.06,-0.04,-0.73
-0.02,-0.63,0.3,0.75
-0.96,0.56,-0.24,0.21
-0.31,0.63,#N/A,1.12
1.96,2.12,#N/A,0.26
0,-0.25,0,1.44
-2.23,-0.92,0.3,0.9
1.33,-1.97,0.16,-1.16
1.01,-0.15,-0.26,1.06
-0.18,-0.76,0.2,0.31
3.14,1.06,0.71,-1
-2.17,0.22,0.19,0.8
0.32,-1.66,-0.27,0.04
0.64,-1.82,-0.15,0.53
3.38,0.3,0.28,0.15
-1.4,#N/A,0.16,0.26
-1.64,#N/A,0.03,0.29
-0.68,1.55,0.09,-0.96
1.12,0.33,-0.27,-1.92
2.96,2.3,0.57,1.04
0.51,-0.22,0.11,-0.31
-0.61,0.82,-0.23,1.59
1.82,1.09,0.15,-1.36
-2.08,-3.24,0.43,-1.46
0.08,#N/A,-0.1,0.26
-0.15,#N/A,0.18,2.27
0,-2.33,0.57,-0.19
2.19,0.18,-0.36,-0.79
2.64,-0.04,-0.37,1.66
0.95,0.54,-0.22,2.06
3.1,-0.02,0.19,0.25
-0.9,-1.91,0.01,0.05
-0.15,-2.08,-0.2,-0.19
-1.5,0.01,-0.29,-0.16
-0.02,-1.54,0.37,-0.21
-0.02,-1.58,-0.08,-0.2
0.92,-2.06,0.03,-0.2
1.12,-2.71,0.22,0.58
0.4,#N/A,-0.19,-0.31
0.67,#N/A,-0.13,0.73
-0.95,0.86,0.3,-0.38
0.34,-0.12,-0.09,0.38
1.47,0.85,0.39,0.01
-0.15,#N/A,0.28,2.15
-0.99,#N/A,0.29,-0.14
0,-2.48,-0.01,1.78
-0.97,3.43,0.35,-0.97
3.76,0.7,-0.59,-0.86
0.46,0.97,-0.05,0.28
-2.83,0.41,-0.32,0.86
0.68,0.45,-0.34,-1.38
-0.05,-0.01,0.03,-0.06
1.42,-0.53,0.14,0.6
0.77,1.07,0.27,1.8
-0.49,0.22,0.52,0.9
0.52,0.76,-0.05,0.08
1.65,1.32,-0.34,-2.42
-0.75,#N/A,0.09,0.11
-0.21,#N/A,-0.55,-2.02
-0.47,0.22,0.04,0.1
0.63,0.14,0.29,-1.13
0.66,0.85,0.26,0.14
-0.93,-0.78,0.01,-1.71
-2.34,-0.15,0.27,-0.06
-1.28,1.55,0.25,0.14
-0.01,0.86,-0.28,-0.85
-1.85,0.09,-0.04,3.44
1.85,0.68,-0.18,-0.3
1.43,0.47,-0.25,1.05
3.81,-0.22,0.06,0.23
-1.62,-0.94,0.51,-0.59
-2.33,0.07,0.25,-0.81
0.46,0.07,0.12,1.12
0.75,1.29,-0.07,-0.06
1.05,0.3,0.44,2.09
0.27,-0.27,0.16,-0.84
2.78,1.09,-0.1,-0.97
-1.07,#N/A,0.11,2.25
1.78,#N/A,-0.03,-0.91
-1.37,0.18,-0.46,0.21
-0.59,-0.35,#N/A,0.72
-0.26,0.64,#N/A,-1.17
-1.39,0.12,0.05,0.31
1.25,-0.08,0.27,-0.31
-1.14,-0.05,-0.01,0.69
0.03,-0.28,0.18,3.04
-0.09,0.69,-0.12,-1.14
-0.93,-0.39,-0.2,0.43
-0.17,-0.11,0.31,-0.84
-1.9,-0.65,0.36,0.17
2.13,-0.81,0.17,2.16
-1.13,-0.21,-0.23,-0.28
2.98,1.47,0.18,0.62
-0.37,0.3,-0.05,0.08
-1.4,0.69,0.07,-0.86
1.4,-0.09,-0.21,0.28
0.43,0.5,-0.27,-1.8
-2.24,0.37,0.3,0.13
1.7,-0.01,0.58,0.77
-0.21,-0.29,0.28,-0.86
-1.19,1.09,-0.08,-0.27
1.83,-1.9,-0.16,-0.8
1.27,-0.08,0.11,0.18
-0.94,0.72,-0.31,
-2.03,-0.46,-0.12,
0.43,0.36,0.22,
-1.64,0.67,0.03,
0.44,1.16,0.18,
2.25,0,0.58,
-2.36,0.21,-0.1,
-0.48,0.21,-0.08,
1.41,0.46,0,
5,0.1,-0.51,
1.59,-0.61,-0.4,
0.47,0.35,-0.06,
-0.49,0,0.11,
-0.14,0.66,-0.09,
1.65,-0.06,-0.11,
-0.31,0.05,-0.14,
0.98,-0.23,0.02,
-1.31,0.16,0.41,
-1.39,#N/A,-0.1,
2.22,#N/A,0.11,
2.62,0.88,-0.33,
0.57,-0.22,0.23,
2.21,-0.04,-0.14,
-0.07,0.47,0.04,
-2.71,0.11,0.05,
-1.2,0.1,0.27,
-1.37,-0.75,0.18,
-0.73,-0.21,0.26,
-0.56,0.96,-0.09,
0.34,-0.45,0.17,
-0.88,-1.65,-0.41,
2.04,-0.16,-0.47,
-1.69,-0.3,-0.13,
-0.59,0.37,0.01,
0.42,-2.41,0.27,
2.48,0.8,0.4,
1.38,0.58,0.13,
1.41,0.89,0.02,
4.87,-0.58,0.11,
-0.78,-0.67,-0.16,
-1.81,0.85,0,
-0.29,-0.28,0.09,
-0.25,-1.19,0.46,
-0.41,0.14,-0.09,
0.55,#N/A,0.1,
-2.02,#N/A,0.1,
-2.12,-0.69,0,
1.03,0.21,-0.33,
1.33,-1.32,0.38,
1.3,-0.28,-0.11,
0.49,2.14,0.25,
-1.25,0.82,-0.64,
-1.72,0.61,0.03,
-0.92,1.05,0.24,
-0.85,0.47,0.06,
0.26,-0.03,0.08,
-0.87,-0.2,0.03,
4.47,0.41,0.35,
1.09,-0.16,0.03,
0.04,0.09,-0.03,
-0.12,0.97,-0.21,
0.33,0.3,0.23,
-1.6,0.95,0.3,
0.39,-0.13,0.38,
1.89,-0.17,-0.36,
-0.82,-0.95,-0.19,
-0.62,-0.12,-0.09,
-0.42,0.38,0.15,
-1.68,0.58,0.13,
0.8,0.77,0.06,
2.27,0.29,-0.05,
-1.5,0.77,0.3,
1.12,#N/A,0.27,
-0.12,#N/A,-0.08,
-1.41,-0.48,0.01,
0.31,0.12,0.01,
1.08,0.45,-0.61,
1.81,0.23,0.08,
-0.48,0.46,-0.33,
-0.39,0.02,-0.14,
1.42,-0.34,0.07,
1.26,-0.65,-0.15,
-0.8,0.36,-0.26,
-0.81,-0.62,0.08,
0.93,0.28,-0.59,
-0.81,0.68,0.11,
0,0.47,-0.04,
-0.12,-0.53,-0.12,
1.13,0.74,0.01,
0.42,-0.16,0.36,
-0.4,-0.26,0.15,
-1.05,-1.09,0.3,
0,-0.9,-0.25,
0.25,-0.73,0.43,
0,-2.98,-0.1,
-0.81,1.3,0.27,
0,0.08,-0.18,
0,1.88,0.76,
0,-0.66,-0.33,
1.39,-1.2,0.04,
0.64,1.48,0.15,
0,-2.93,0.55,
0,0.25,0.09,
1.19,1.44,0,
0,1.21,0.16,
-0.79,-0.79,0.03,
-0.16,0.82,0.65,
-0.8,-0.05,0.49,
0,-2.59,-0.49,
0,1.1,-0.31,
0.63,-0.32,0.2,
0.71,0.65,-0.21,
0,1.27,-0.16,
0,0.06,-0.31,
0,#N/A,-0.04,
-0.8,#N/A,0.15,
1.43,1.08,-0.18,
-1.71,1.3,0.03,
0.34,0.09,0.07,
-0.57,-0.01,-0.18,
0.37,0.03,-0.06,
1.91,0.72,0.1,
-1.09,0.29,-0.05,
-0.4,-0.07,-0.19,
0.37,-0.31,0.4,
1.22,0.26,-0.32,
-0.92,0.03,0.01,
-0.88,0,-0.04,
1.34,-0.49,0.08,
0.6,-0.01,0.16,
-1.18,-0.84,-0.14,
-0.3,0.62,0.09,
0.41,-0.24,-0.27,
-0.95,-0.53,0.12,
-0.08,0.5,0.23,
0.21,-1.23,0.04,
0.08,-1.79,0.53,
0.34,0.8,0.24,
0.7,1.42,0.01,
-1.41,-0.45,0.25,
-2.55,-1.56,0.02,
0.69,0.91,-0.26,
0.46,0.64,-0.49,
-0.98,1.09,0.01,
-0.18,-0.14,0.16,
2.08,1,-0.27,
-0.24,-0.2,0.48,
-1.37,0.28,0.22,
-0.41,-0.39,0.32,
0.67,0.69,0,
0.81,-0.36,0.5,
0.62,0.28,-0.05,
-0.82,0.19,0.24,
0.88,0.41,-0.56,
0.76,0.56,-0.34,
0.49,-0.08,0.22,
2.13,0.33,0.19,
-0.25,-0.3,-0.71,
0.47,0.97,0.1,
1.26,0.37,#N/A,
1.37,-0.12,#N/A,
1.11,0.07,0.38,
-0.13,0.27,0.17,
0.53,0.26,0.13,
2.61,-0.2,#N/A,
-1.02,0.16,#N/A,
-0.74,0.07,0.61,
3.42,0.08,0.62,
1.53,0.77,0.03,
-1.42,0.05,-0.5,
-1.38,-0.06,0.33,
1.13,-0.38,0.43,
0.64,-0.16,0.09,
-0.85,0.22,0.3,
-1.18,0.75,0.3,
-1.67,0.22,#N/A,
0.88,0.42,#N/A,
1.09,#N/A,0.27,
-0.01,#N/A,-0.29,
-0.3,-0.86,-0.24,
-0.44,-0.66,0.67,
-0.88,0.63,-0.07,
-0.15,0.15,0.01,
-0.74,0.91,0.76,
1.17,-0.32,-0.16,
-0.37,-0.11,0.61,
-0.26,0.29,0,
-3.23,0.86,0.03,
-0.61,0.01,-0.92,
1.37,0.71,-0.09,
-2.76,0.03,-0.17,
-0.39,-0.04,-0.82,
-1.76,0.45,-0.02,
-0.8,0.49,-0.51,
0.07,0.09,0.07,
3.95,-0.02,0.05,
-1.16,#N/A,-0.38,
0.28,#N/A,0.03,
-0.15,0,-0.85,
2.2,-0.58,0.56,
-0.89,0.29,-0.34,
-0.53,#N/A,-0.11,
0.88,#N/A,0.67,
0.67,-0.71,0.54,
-0.31,0.35,0.18,
-1.02,-0.28,-0.32,
1.25,0.49,0.07,
1.49,0.67,0.03,
2.22,-0.29,-0.67,
1.3,0.7,-0.25,
-1.46,-0.15,0.01,
-1.58,0.19,0.17,
-1.13,0.84,-0.96,
-1.3,0.39,0.38,
0.13,#N/A,0.54,
-1.26,#N/A,0.19,
1.59,0.03,-0.01,
-0.26,0.11,-0.2,
-2.26,-0.9,0.2,
0.32,-1.57,0.23,
-0.55,1.01,0.83,
-0.26,-0.09,-0.04,
1.49,0.31,0.34,
0.07,-1.77,0.06,
-0.78,0.73,0.34,
-0.79,1.5,-0.32,
3.64,1.13,-0.82,
0.7,0.33,0.66,
-0.72,-0.54,-0.18,
0,0.73,0.12,
-0.11,0.17,0.57,
-1.39,0.65,-0.3,
-1.16,-0.16,#N/A,
1.17,0.18,#N/A,
-0.78,#N/A,0.22,
-2,#N/A,0.1,
-0.06,0.47,-0.63,
0.21,-0.38,0.06,
2.72,-1.05,0.15,
0.12,-3.35,0.25,
-2,-3.03,0,
0.47,-0.38,0.1,
-1.68,-4.42,0.32,
1.66,-0.82,-0.49,
0.57,4.6,-0.1,
-1.25,-2.81,-0.44,
-0.79,4.22,0.19,
-1.4,-3.39,0.12,
0.76,-1.71,0.04,
-1.49,-7.6,-0.54,
0.68,4.94,-0.73,
-2.7,-4.89,-0.15,
1.49,-9.51,-0.6,
0.63,9.29,-0.23,
2.06,-11.98,-0.26,
-0.14,6,-0.64,
0.06,-5.18,0.4,
-1.05,0.47,0.31,
-0.91,-4.34,-0.94,
-0.82,-2.93,0.08,
-1.72,9.38,-0.23,
1.44,1.15,0.21,
1.74,6.24,0.87,
2.79,-3.37,-0.73,
0.38,3.35,-0.32,
-1.24,-1.6,0.01,
-2.92,-4.41,0.46,
0.11,2.28,-0.22,
3.79,-1.51,#N/A,
1.09,7.03,#N/A,
1.67,-0.16,0.12,
1.27,3.41,-0.08,
-1.82,1.45,0.24,
0.62,#N/A,0.01,
-0.49,#N/A,-0.84,
-1.08,3.06,-0.53,
-0.51,-2.2,-0.67,
-0.68,0.58,0.64,
-0.06,2.68,-0.68,
-3.1,-1.79,0.16,
1,-3.07,-0.33,
-1.21,2.29,-0.41,
1.9,-0.05,0.77,
0.09,1.39,0.02,
-1.11,1.47,0.1,
0,-0.52,0.24,
-2.65,2.66,0.04,
0.38,-0.92,-0.44,
-0.02,-2.81,0.66,
-2.07,0.42,-0.69,
-0.85,0.9,-0.32,
0.86,-0.7,0.38,
-0.63,1.15,-0.14,
-0.04,1.69,-0.67,
0.73,0.02,1.08,
-0.09,-2.05,-0.01,
-0.52,-1.75,-0.62,
-0.85,1.15,0.18,
0,0.39,0.01,
-0.43,3.15,0.94,
1.05,-1.05,0.3,
-0.85,1.67,0.21,
1.8,-0.78,-0.77,
-1.27,0.24,-0.9,
-0.06,#N/A,0.03,
0,#N/A,0.14,
-1.71,1.48,0.4,
-0.44,-0.21,0.03,
0,0.48,0.16,
-0.01,0.38,-0.21,
0.31,0.82,0.18,
0.82,1.36,0.22,
1.49,-0.34,0.42,
0,2.62,-0.03,
0.37,1.2,0.3,
0.36,-0.78,-0.18,
0,-0.53,-0.2,
0.35,-5.89,0.2,
0,1.31,0.32,
0,0.83,0.49,
0,1.9,-0.39,
0.71,-0.36,-0.47,
0,0.06,0.24,
-0.42,-0.56,0.59,
-0.16,0.65,-0.62,
0,0.43,0.77,
0.53,-2.59,-0.16,
0,1.1,-0.44,
0,-2.42,0.09,
0,1.47,0.39,
0.28,1.54,-0.37,
0,0.5,0.36,
0,0.45,0.39,
0.04,#N/A,0.1,
-0.27,#N/A,0.27,
1.69,-1.08,-1.15,
-0.1,0.78,-0.48,
-0.66,-0.56,0.33,
0,1.05,0.03,
0.16,-0.94,-0.18,
1.26,1.34,0.11,
1.12,0.91,-0.16,
0.34,-0.34,0.23,
-1.61,0.28,0.52,
-2.7,0.84,0.03,
0.58,0.17,-0.46,
-0.84,0.57,0.21,
0.9,-1.23,-0.32,
0.9,-0.62,0.32,
0.67,0.74,0.01,
-0.06,-0.65,-0.89,
1.13,1.24,-0.08,
0,-0.38,0.73,
1.05,0.77,0.78,
-1.11,0.72,-0.76,
-0.82,0.36,0.78,
-0.98,0.64,-0.08,
-2.49,0.64,0.14,
0.94,0.06,-0.44,
0,0.27,0.58,
-0.21,-0.8,0.18,
-0.21,1.4,-0.13,
-0.22,-0.2,0.11,
-0.21,-0.02,0.36,
0.65,0.27,-0.49,
1.55,0.23,0.21,
-1.25,-0.44,0.04,
2.37,0.32,-0.38,
0.22,0.34,0.17,
0.34,1,0.03,
-0.09,0.36,0.44,
1.11,1.02,0.47,
-0.48,0.17,-0.32,
-1.22,0.67,0.08,
0.84,-0.22,-0.02,
1.25,0.75,-0.25,
-0.89,1.54,0.39,
1.48,-3.51,0.13,
-0.21,-0.81,-0.35,
1.34,#N/A,0.32,
1.12,#N/A,0.2,
1.63,2.01,-0.37,
-0.77,-1.76,-0.96,
-1.25,0.05,0.12,
-1.83,1.27,0,
1.21,0.52,-0.1,
-0.21,-0.46,-0.33,
-0.76,-0.84,0.01,
0.12,-1.12,-0.11,
2.12,-1.16,-0.62,
0.55,1.05,-0.04,
-1.83,-2.37,0.19,
-0.35,0.3,0.01,
-0.41,1.6,-0.04,
1.63,1.61,0.21,
-1.11,-0.48,-0.01,
-1.12,0.83,0.26,
0.06,0.53,0.02,
1.18,-0.96,0.23,
0.2,1.8,-0.05,
1.08,-1.4,0.15,
0.56,1.74,0.05,
0.63,0.8,0.13,
-0.51,0.88,0.01,
0.29,1.64,0,
1.66,-0.63,0.13,
-1.73,-0.66,0.71,
-0.05,-0.15,0.05,
-0.22,0.01,-1.2,
0.68,-1.63,0.47,
-0.09,0.47,0.5,
-1.56,-0.22,-0.13,
0.78,0.52,0.11,
-2.68,0.34,-0.21,
-2.47,-1.86,0.76,
2,-0.3,-0.89,
2.28,-3.53,-0.18,
-1.97,1.19,0.01,
-0.83,-1.21,0.51,
0.44,1.23,0.32,
-1.6,1.78,-0.08,
1.1,2.2,-0.3,
-0.48,1.95,-0.22,
-1.63,-0.03,0.24,
-1.46,1.17,#N/A,
-1.62,-0.14,#N/A,
0,0.77,-0.7,
-1.71,-1,0.09,
0.99,1.36,0.16,
2.19,1.16,#N/A,
0.32,-0.48,#N/A,
0.83,-1.16,-0.08,
3.13,0.39,0.57,
-0.81,-0.68,0.1,
-1.29,0.56,0.15,
0.75,1.62,-0.28,
-2.57,-0.16,0.52,
-0.01,#N/A,0.34,
2.44,#N/A,-0.6,
1.38,-0.46,0.18,
0.36,1.13,0.03,
-1.6,0.18,0.07,
0.01,-0.06,-0.12,
4.65,0.88,-0.11,
2.67,-0.19,-0.17,
-0.17,0.28,0.15,
-2.9,-0.79,0.14,
-0.23,-0.13,-0.2,
1.25,-0.13,-0.07,
-1.56,-0.44,0.24,
0.57,1.29,0.01,
-1.09,0.18,-0.35,
0.08,0.58,0.72,
-0.13,-0.35,-0.2,
-0.41,-0.39,0.18,
0.29,-0.21,0.2,
4.57,0.07,0.84,
-0.38,0.35,-0.03,
-1.62,#N/A,0.21,
-0.86,#N/A,0.22,
0.87,-0.22,-0.69,
0.31,0.13,0.03,
2.76,0.64,-0.3,
-1.12,#N/A,-0.35,
-0.74,#N/A,0.45,
-0.34,0.71,0.16,
-0.52,0.57,0.01,
-0.35,1.48,0.19,
-1.22,0.55,0.16,
0.51,-0.66,0.43,
0.02,0.04,-0.44,
2.66,0.23,0.23,
1.69,-0.38,-0.65,
1.06,-0.72,0.15,
-0.43,#N/A,0.24,
1.11,#N/A,-0.24,
0.76,1.39,0.16,
-0.65,0.03,0.5,
0.25,-0.3,-0.31,
-1.48,0.36,0,
-0.75,-0.15,-0.07,
-5.66,-2.57,0.39,
-0.53,0.98,0.14,
1.27,-1.93,-0.06,
-0.02,1.61,0.21,
1.09,1.39,0.28,
-0.11,0.1,-0.37,
-0.79,1.09,0.1,
-3.1,0.39,0.52,
-1.94,0.74,-0.26,
0.77,-0.11,#N/A,
-0.54,-0.03,#N/A,
-2.06,0.17,0.43,
-2.73,0.47,-0.18,
-1.31,#N/A,0.34,
0.73,#N/A,0.01,
-1.32,-0.03,0.18,
-1.47,-0.44,0.58,
1.69,-0.19,-0.16,
-0.43,-0.77,0.58,
0.76,0.13,-0.32,
-0.76,1.14,0,
2.4,-2.45,-0.35,
1.97,-0.48,0.32,
4.45,2.38,-0.1,
-1.33,-0.81,0.37,
-0.9,-1.31,-0.15,
1.48,-1.34,0.09,
1.82,1.95,-0.42,
-0.7,-0.54,-0.04,
-1.63,1.42,-0.13,
-0.79,0.6,-0.12,
-0.84,1.04,-0.15,
0.31,0.1,0.41,
3.02,0.65,0.07,
-0.82,-0.16,0.18,
-0.37,0.29,0.01,
1.59,-1.48,-0.45,
2.58,-0.06,0.55,
-0.79,0.7,0.02,
-2.39,-0.76,0.3,
1.95,-0.55,-0.35,
0.13,0.52,0.17,
0.64,1.66,0.07,
-0.8,-0.09,0.34,
-0.34,-0.32,-0.32,
0,0.36,0.49,
-0.53,1.18,-0.45,
1.09,#N/A,0.02,
0,#N/A,-1.03,
1.07,-0.1,0.36,
0.52,0.15,-0.12,
-0.79,0.42,0.07,
0,0.77,-0.1,
1.52,-0.02,-0.12,
-0.39,0.33,0.49,
-0.79,-0.41,-0.02,
0,1.11,0.03,
0.38,0.36,0.1,
-0.79,-0.53,-0.05,
0,-0.68,0.29,
0,0.93,0.75,
0,-0.92,-0.19,
0.84,1.09,0.16,
0,0.18,0.18,
0.95,-0.02,0.27,
0,-0.08,0.22,
0,0.68,-0.08,
0,-0.72,-0.11,
-0.78,0.27,0.07,
0,-0.67,0.18,
-0.39,0.07,-0.43,
0.99,0.82,-0.2,
0,0.74,-0.25,
0,-1.04,0.11,
0,-0.87,-0.46,
-0.78,-2.14,1.03,
-1.73,1.22,1.15,
1.36,1.49,-0.04,
-0.05,-0.25,-0.1,
0.26,-0.85,-0.1,
-0.18,-0.29,0.39,
0.23,1.06,0.03,
0.83,-0.08,1.02,
-0.76,0.99,-0.05,
1.37,-0.21,0.15,
0.91,0.19,0.37,
0.24,0.12,-0.35,
-1.31,0.08,-0.67,
0.55,#N/A,0.52,
0.03,#N/A,-0.58,
1.92,0.14,-0.47,
0.5,-0.36,0.02,
2.26,0.88,0.16,
0.15,-0.08,-0.2,
-1.11,0.02,0.02,
1,-0.18,0.04,
0.74,0.47,0.1,
-0.06,0.19,0,
-0.82,0.18,0.36,
2.41,-0.2,-0.03,
0.91,-0.54,0.47,
1.33,-0.04,0.01,
2.04,-1.31,-0.63,
0.41,1.4,-0.56,
2.23,0.51,-0.09,
0.1,-0.11,0.51,
-1.87,0.58,-0.43,
0.81,0.33,0.2,
0.82,0.23,0.5,
1.04,0.03,0.35,
0.45,0.13,-0.6,
0.28,0.52,0.52,
-1.66,0.75,-0.33,
1.82,#N/A,-0.15,
-2.66,#N/A,0.19,
-0.35,0.34,0.25,
0.06,-0.86,-0.26,
0.28,1.13,0.43,
2.25,0.35,0.03,
-0.62,-0.35,-0.02,
-0.19,0.12,-0.22,
-1.19,-0.33,-0.41,
0.3,-0.75,0.83,
0,-1.59,-0.15,
-3,1.52,0.02,
-0.22,0.82,0.05,
0.53,0.2,-0.33,
-1.05,1.01,0.02,
-1.49,0.24,0.34,
1.03,-0.47,-0.07,
-0.87,-0.02,-0.83,
-0.07,0.42,-0.67,
0.66,-0.54,-0.07,
1.15,-0.18,-0.73,
0.46,0.82,0.32,
-1.05,-0.46,-0.18,
-1.99,0.6,0.16,
-0.72,0.17,0.18,
0.3,-0.09,0.13,
2.86,0.1,0.21,
-0.35,0.25,0.49,
-0.91,0.3,0.21,
-0.54,0.16,0.12,
-0.48,0.26,0.32,
-0.35,-0.71,-0.12,
-0.24,-1.07,0.12,
0.23,0.13,-0.52,
-1.46,0.81,0.05,
0.32,0.85,-0.5,
1.33,0.15,-0.18,
1.57,0.22,-0.16,
-0.1,-0.58,0.03,
-0.73,0.88,0.02,
-0.72,0.43,-0.18,
1.28,-0.13,-0.13,
0.82,0.03,0.36,
-3.41,0.28,-0.58,
0,-0.03,0.41,
0.92,#N/A,0.34,
0.07,#N/A,0.02,
-1.87,-0.13,0.08,
-0.74,-0.46,-0.07,
-0.57,-0.77,-0.28,
-1.33,0.23,0.04,
0.28,-0.57,-0.42,
-2.61,0.85,-0.55,
1.92,-0.16,-0.15,
-0.71,-0.91,0.1,
-2.15,-1.7,0.11,
-1.57,-0.08,0,
1.89,0.95,-0.28,
-0.47,1.21,0.31,
-2.66,0.15,-0.2,
0.49,-0.28,-0.16,
1.84,-2.04,-2.02,
-1.62,0.16,0.08,
0.02,-1.19,0.01,
1.51,1.15,-0.82,
1,-1.3,-0.04,
3.97,1.05,0.35,
-0.11,0.41,-0.57,
0.93,0.83,-0.38,
-0.28,-0.19,-0.1,
-0.35,-0.69,0.14,
1.75,-0.24,-0.07,
-0.37,0.3,0.01,
0.41,1.71,-0.01,
-1.47,0.75,0.44,
-0.16,0.34,0.24,
-1.49,0.74,-0.5,
-2.28,0.37,-0.66,
1.15,0.3,0.44,
0.13,-0.11,0.06,
0,0.47,-0.16,
0.68,0.18,0.43,
-0.76,-0.51,-0.46,
-0.78,0.98,-0.62,
-0.28,0.19,0.03,
0.03,0.18,0.16,
-0.15,0.37,-0.14,
0.06,0.65,-0.15,
1.17,0.42,-0.26,
0.4,0.37,0.6,
-0.42,0.09,-0.23,
0.7,-0.35,0.28,
-1.09,-0.82,0,
-0.5,0.06,0.18,
-0.49,0.72,#N/A,
0.49,0,#N/A,
-0.21,0.39,0.6,
-0.58,-0.26,0.18,
-0.41,0.34,0.33,
-0.44,-0.14,0,
-0.6,-0.32,#N/A,
-2.38,0.17,#N/A,
0.01,0.23,0.12,
2.71,#N/A,0.77,
-0.76,#N/A,-0.53,
2.59,1.32,0.35,
-0.2,-1.9,-0.06,
0.39,-1.18,0.12,
-0.05,1.42,-0.01,
0.57,-0.84,-0.19,
0.79,1.17,0.03,
-2.68,2.07,0.48,
0.17,0.31,-0.6,
-0.95,-0.72,-0.43,
-1.3,0.95,-0.08,
2.94,-0.91,0.54,
1.34,-0.75,-0.66,
-0.37,1.63,-0.43,
3.06,-0.87,0.2,
0.38,-1.03,0.33,
0.51,-1.14,-0.42,
0.97,1.78,-0.05,
-1.84,1.02,-0.14,
0.28,0.62,0.18,
0,#N/A,-0.16,
2.63,#N/A,0.67,
0,-0.1,0.16,
-0.2,0.14,0.42,
0.13,-0.3,-0.45,
1.17,-0.26,-0.03,
0.27,0.64,-0.18,
2.15,-0.06,-0.23,
-0.28,-1.94,-0.2,
1.45,-0.1,0.45,
-1.77,-0.41,0.18,
-2.55,-0.14,0.03,
1.52,0.92,-0.01,
0.26,0.28,0.05,
0.8,-1.42,0.21,
2.97,0.08,0.65,
-0.84,#N/A,-0.35,
0,#N/A,0.29,
-2.01,-0.97,-0.91,
0.9,-1.1,-0.06,
0.56,-1.89,0.04,
0.39,0.28,-0.12,
0.92,-1.22,-0.25,
-0.69,-0.15,-0.45,
0.8,-0.54,-0.44,
0,2.43,0.21,
-0.42,1.89,-0.3,
-1.04,0.69,0.09,
-0.7,0.94,0.75,
0,-2.44,-0.18,
-0.35,0.52,0.24,
0.51,-0.37,0.28,
1.47,0.84,0.31,
0.28,1.45,0.39,
0.76,-1.81,-0.08,
-0.68,-1.9,0.29,
0,-0.38,0.16,
0.66,1.58,-0.24,
0,0.09,0.25,
-0.34,-2.12,-0.25,
1.36,-0.72,0.08,
0,#N/A,0.37,
0,#N/A,-0.08,
0,-1.84,-0.03,
-0.68,1.5,0.17,
0,2.24,-0.17,
-0.68,-0.24,0.18,
0.85,-1.55,0.59,
0,1.86,0.02,
-0.68,-0.53,0.46,
0,-0.79,#N/A,
-0.69,-2.95,#N/A,
0,-0.72,0.7,
-0.35,2.57,-0.19,
-0.69,-0.43,-0.26,
1.09,-1.3,0.01,
0,-0.74,-0.26,
-0.69,2.14,-0.49,
1.72,2.24,0.16,
0,1.23,0.1,
0.41,1.17,0.11,
,-0.04,0.02,
,1.13,-0.51,
,-1.23,0.43,
,1.43,0.13,
,0.51,-0.39,
,0.71,0.06,
,1.23,-0.18,
,-0.63,-0.18,
,-1.57,0.04,
,0.34,0.15,
,,0.57,
,,-0.04,
,,0.2,
,,0.86,
,,-0.16,
,,-0.01,
,,-0.02,
,,-0.33,
,,0.13,
,,0.14,
,,0.12,
,,0.03,
,,0.28,
,,0.26,
,,-0.13,
,,0.58,
,,-0.21,
,,0.29,
,,-0.24,
,,-0.15,
,,-0.04,
,,-0.09,
,,0.11,
,,0.86,
,,-0.15,
,,0.04,
,,-0.05,
,,0.44,
,,0.18,
,,0,
,,0.1,
,,0.23,
,,-0.5,
,,-0.13,
,,-0.34,
,,-0.23,
,,-0.26,
,,0.01,
,,0.17,
,,-0.29,
,,-0.17,
,,0.26,
,,0.12,
,,0.39,
,,-0.19,
,,0.25,
,,0.21,
,,0.4,
,,-0.03,
,,0.07,
,,0.34,
,,-0.29,
,,-0.76,
,,0.27,
,,-0.27,
,,0.3,
,,-0.13,
,,0.45,
,,-0.06,
,,0.29,
,,-0.45,
,,0.07,
,,-0.35,
,,0.32,
,,0.09,
,,-0.05,
,,-0.12,
,,-0.41,
,,0.44,
,,0.24,
,,0.03,
,,0.1,
,,-0.23,
,,0.39,
,,-0.1,
,,0.23,
,,0.09,
,,0.06,
,,-0.04,
,,0.28,
,,-0.35,
,,0.03,
,,0.78,
,,-0.49,
,,0.36,
,,-0.06,
,,-0.57,
,,-0.27,
,,-0.12,
,,0.13,
,,0.13,
,,-0.16,
,,-0.01,
,,-0.03,
,,0.15,
,,0.13,
,,0.4,
,,-0.01,
,,-0.62,
,,0.18,
,,0.14,
,,0.01,
,,0.03,
,,0.21,
,,-0.08,
,,-0.21,
,,-0.12,
,,0.03,
,,0.25,
,,-0.01,
,,0.17,
,,0.36,
,,-0.1,
,,0.13,
,,-0.31,
,,0.23,
,,-0.51,
,,0.19,
,,-0.19,
,,-0.35,
,,-0.05,
,,0.29,
,,0.53,
,,-0.24,
,,0.01,
,,0.22,
,,0.01,
,,0.16,
,,-0.02,
,,-0.31,
,,-0.26,
,,-0.72,
,,0.1,
,,0.21,
,,0.41,
,,-0.13,
,,0.15,
,,0.06,
,,0.47,
,,0.36,
,,0.01,
,,-0.12,
,,0.03,
,,-0.04,
,,-0.35,
,,-0.08,
,,0.62,
,,-0.04,
,,0.35,
,,0.08,
,,-0.58,
,,0,
,,0.14,
,,-0.06,
,,0.54,
,,0.23,
,,0.12,
,,-0.46,
,,-0.67,
,,-0.44,
,,0.46,
,,-0.03,
,,#N/A,
,,#N/A,
,,0.65,
,,-0.08,
,,0.17,
,,0.01,
,,#N/A,
,,#N/A,
,,0.17,
,,-0.06,
,,-0.16,
,,0.01,
,,-0.56,
,,0.06,
,,0.37,
,,0.12,
,,0.03,
,,0.05,
,,-0.23,
,,-0.32,
,,-0.35,
,,-0.23,
,,0.3,
,,-0.24,
,,0.5,
,,-0.21,
,,-0.16,
,,-0.39,
,,0.25,
,,-0.31,
,,-0.8,
,,0.33,
,,0.04,
,,-0.55,
,,-0.24,
,,-0.23,
,,-0.1,
,,-0.16,
,,-0.47,
,,0.44,
,,0.14,
,,0.03,
,,-0.19,
,,-0.57,
,,0.29,
,,0.28,
,,0.18,
,,-0.35,
,,0.35,
,,0.17,
,,-0.54,
,,-0.12,
,,0.27,
,,-0.1,
,,0.25,
,,-0.27,
,,0.21,
,,0.02,
,,0.27,
,,0,
,,-0.15,
,,0.08,
,,-0.37,
,,-0.36,
,,0.52,
,,-0.08,
,,-0.01,
,,0.53,
,,0.13,
,,0.4,
,,#N/A,
,,#N/A,
,,0.09,
,,-0.4,
,,-0.06,
,,-0.3,
,,0.57,
,,0.06,
,,0.08,
,,0.08,
,,-0.3,
,,0.01,
,,0.07,
,,0.25,
,,-0.61,
,,-0.59,
,,-0.3,
,,-0.15,
,,-0.19,
,,-0.53,
,,0.31,
,,0.47,
,,0.21,
,,-0.61,
,,0.1,
,,0.11,
,,0,
,,-0.02,
,,-0.13,
,,-0.14,
,,0.44,
,,0.18,
,,-0.06,
,,-0.83,
,,-0.07,
,,-0.18,
,,0.37,
,,0.03,
,,0.01,
,,0.42,
,,0.34,
,,0.39,
,,0.03,
,,1.14,
,,-0.56,
,,0.21,
,,-0.53,
,,-0.26,
,,0.11,
,,-0.6,
,,0.49,
,,-0.06,
,,-0.14,
,,0.07,
,,-0.1,
,,0.34,
,,0.09,
,,-0.07,
,,0.13,
,,-0.35,
,,-0.08,
,,-0.04,
,,0.2,
,,0,
,,0.56,
,,-0.14,
,,0.07,
,,0.01,
,,-0.07,
,,0.37,
,,0.01,
,,0.19,
,,0.25,
,,-0.12,
,,0.02,
,,0.27,
,,0.03,
,,0.24,
,,-0.22,
,,-0.09,
,,-0.09,
,,0.25,
,,-0.55,
,,-0.71,
,,0.47,
,,0.18,
,,-0.28,
,,0.15,
,,-0.12,
,,0.2,
,,-0.39,
,,0.08,
,,0.36,
,,0.18,
,,-0.35,
,,-0.08,
,,0.23,
,,0.47,
,,-0.38,
,,-0.08,
,,0.32,
,,0.06,
,,0.02,
,,0.48,
,,-0.14,
,,0.06,
,,0.04,
,,-0.04,
,,-0.18,
,,-0.29,
,,0.11,
,,0.02,
,,-0.06,
,,0.03,
,,-0.54,
,,0.03,
,,0.26,
,,-0.52,
,,0.22,
,,-0.26,
,,0.44,
,,0.12,
,,-0.18,
,,0.05,
,,-0.51,
,,-0.36,
,,0.27,
,,0.09,
,,-0.07,
,,-0.19,
,,0.35,
,,0.08,
,,-0.03,
,,0.02,
,,-0.32,
,,0.32,
,,-0.9,
,,-0.35,
,,-0.48,
,,0.03,
,,0.33,
,,-0.2,
,,0.59,
,,-0.08,
,,-0.16,
,,0.14,
,,-0.29,
,,-0.04,
,,-0.33,
,,0,
,,0.07,
,,0.42,
,,-0.28,
,,0.31,
,,-0.05,
,,-0.36,
,,-0.28,
,,0.08,
,,-0.45,
,,0.28,
,,0.09,
,,0.22,
,,0.05,
,,0.34,
,,0.03,
,,0.05,
,,0.01,
,,-0.46,
,,0.34,
,,-0.02,
,,0.02,
,,0.08,
,,0.01,
,,0.08,
,,0.09,
,,-0.07,
,,-0.19,
,,0.16,
,,-0.06,
,,0.47,
,,0.74,
,,0.01,
,,0.2,
,,0.05,
,,0.01,
,,0.12,
,,0.1,
,,0.05,
,,-0.01,
,,0.31,
,,0.47,
,,0.6,
,,-0.44,
,,-0.23,
,,0.27,
,,#N/A,
,,#N/A,
,,0.09,
,,-0.1,
,,0.3,
,,#N/A,
,,#N/A,
,,0.71,
,,-0.78,
,,0.09,
,,-0.05,
,,-0.01,
,,-0.13,
,,0.22,
,,-0.27,
,,-0.01,
,,0.07,
,,0.1,
,,0.11,
,,0.03,
,,0.52,
,,0.07,
,,0.4,
,,-0.19,
,,0.11,
,,0.2,
,,0,
,,0.7,
,,-0.25,
,,-0.12,
,,0.29,
,,0.05,
,,0.28,
,,0.07,
,,-0.1,
,,-0.22,
,,-0.07,
,,0.18,
,,0,
,,0.03,
,,0.03,
,,-0.1,
,,-0.48,
,,0.27,
,,-0.04,
,,0.23,
,,-0.63,
,,-0.05,
,,-0.22,
,,0.25,
,,0.03,
,,0.16,
,,0.44,
,,0.06,
,,-0.19,
,,0.52,
,,-0.12,
,,-0.27,
,,0.33,
,,0.1,
,,-0.18,
,,0.58,
,,0.18,
,,0.86,
,,0.27,
,,0.18,
,,0.35,
,,-0.03,
,,-0.09,
,,0.01,
,,-0.67,
,,0.11,
,,-0.33,
,,0.1,
,,0.13,
,,-0.11,
,,0.21,
,,0.2,
,,-0.29,
,,-0.31,
,,0.26,
,,-0.34,
,,-0.02,
,,0.36,
,,#N/A,
,,#N/A,
,,0.21,
,,0.44,
,,-0.09,
,,0.26,
,,-0.37,
,,0.19,
,,0.12,
,,-0.51,
,,0.17,
,,0.21,
,,0.36,
,,-0.31,
,,0.01,
,,-0.01,
,,0.18,
,,-0.07,
,,0.41,
,,-0.11,
,,0.18,
,,-0.15,
,,-0.14,
,,0.25,
,,0.76,
,,-0.23,
,,0.03,
,,0.48,
,,0.16,
,,0.33,
,,0.64,
,,0.36,
,,-0.48,
,,-0.22,
,,0.16,
,,0.65,
,,-0.38,
,,0.11,
,,0.01,
,,0.3,
,,0.06,
,,0.2,
,,0.41,
,,0.27,
,,0.45,
,,-0.35,
,,0.51,
,,-0.42,
,,0.08,
,,0.62,
,,0.12,
,,0.02,
,,-0.16,
,,0.48,
,,0.35,
,,0.01,
,,-0.89,
,,0.21,
,,-0.24,
,,-0.15,
,,-0.63,
,,0.15,
,,0.17,
,,-0.21,
,,0.63,
,,0.11,
,,-0.01,
,,0.09,
,,-0.2,
,,0.36,
,,-0.22,
,,0.06,
,,0.19,
,,-0.07,
,,0.34,
,,0.98,
,,0.06,
,,0.51,
,,0.06,
,,0.5,
,,0.01,
,,-0.11,
,,1.01,
,,-0.08,
,,0.96,
,,0.46,
,,-0.04,
,,-0.63,
,,0.54,
,,-0.02,
,,-0.32,
,,0.76,
,,-0.2,
,,0.73,
,,0.21,
,,-0.47,
,,0.14,
,,0,
,,0.02,
,,0.16,
,,0.01,
,,-1.09,
,,0.36,
,,-0.81,
,,-0.88,
,,-0.23,
,,-0.51,
,,-1.24,
,,0.72,
,,0.28,
,,0.47,
,,0.34,
,,0.29,
,,0.38,
,,0.71,
,,-0.99,
,,0.58,
,,0.03,
,,0.03,
,,0.29,
,,0.08,
,,0.49,
,,0.3,
,,-0.26,
,,-0.07,
,,-0.35,
,,-0.59,
,,-0.53,
,,0.03,
,,-0.06,
,,0.34,
,,-0.02,
,,0.11,
,,-0.37,
,,0.4,
,,-0.01,
,,0.03,
,,-0.32,
,,-0.5,
,,0.11,
,,0.26,
,,0.87,
,,-0.29,
,,-0.58,
,,-0.61,
,,0.61,
,,-0.99,
,,-0.05,
,,0.03,
,,0.3,
,,0.26,
,,0.51,
,,-0.17,
,,0.27,
,,0.27,
,,0.34,
,,-0.41,
,,0.08,
,,0.27,
,,0.37,
,,0,
,,#N/A,
,,#N/A,
,,0.01,
,,-0.8,
,,1.3,
,,-0.61,
,,-0.07,
,,-0.22,
,,0.22,
,,0.09,
,,0.34,
,,-0.85,
,,0.96,
,,-0.5,
,,0.01,
,,-0.25,
,,0.15,
,,-0.13,
,,-0.14,
,,0.26,
,,#N/A,
,,#N/A,
,,0.34,
,,-0.27,
,,-0.29,
,,#N/A,
,,#N/A,
,,0.62,
,,-0.61,
,,-0.26,
,,-0.47,
,,0.42,
,,0.6,
,,-0.13,
,,0.14,
,,0.34,
,,-0.17,
,,-0.17,
,,0.03,
,,0.74,
,,0.25,
,,0.31,
,,0.56,
,,0.39,
,,-0.34,
,,0.58,
,,0,
,,0.1,
,,0.05,
,,-0.67,
,,-0.34,
,,0.3,
,,0.8,
,,0.19,
,,-0.34,
,,-0.36,
,,0.16,
,,0.31,
,,0.02,
,,0.33,
,,-0.15,
,,0.23,
,,0.28,
,,0.55,
,,0.32,
,,-0.03,
,,-0.24,
,,1.11,
,,0.02,
,,0.45,
,,0.68,
,,0.07,
,,0.61,
,,2.13,
,,0.39,
,,-2.91,
,,-0.91,
,,-2.65,
,,-1.51,
,,1.2,
,,-3.73,
,,-4.54,
,,-0.51,
,,-1.9,
,,4.41,
,,1.9,
,,2.58,
,,1.34,
,,1.26,
,,1.13,
,,-0.32,
,,-0.06,
,,0.22,
,,-0.06,
,,-0.24,
,,0.01,
,,0.49,
,,1.45,
,,#N/A,
,,#N/A,
,,0.18,
,,0.6,
,,0.61,
,,-0.31,
,,0.23,
,,0.3,
,,-0.61,
,,0.57,
,,0.04,
,,-0.75,
,,0.43,
,,-0.14,
,,-0.22,
,,-0.1,
,,-0.01,
,,-0.15,
,,-0.95,
,,0.75,
,,-0.81,
,,-0.82,
,,0.34,
,,0.67,
,,0.32,
,,-0.08,
,,-0.3,
,,0.9,
,,0.92,
,,-0.08,
,,0.28,
,,0.02,
,,-0.27,
,,0.01,
,,-0.3,
,,0.75,
,,0.01,
,,-0.24,
,,-0.16,
,,-0.31,
,,-0.64,
,,-0.05,
,,0.3,
,,0.3,
,,0.54,
,,0.57,
,,-0.57,
,,0.01,
,,0.29,
,,-0.05,
,,0.32,
,,-0.03,
,,0.06,
,,-0.31,
,,-0.04,
,,0.17,
,,0.36,
,,-0.25,
,,0.28,
,,0.15,
,,0.44,
,,0.01,
,,0.27,
,,0.55,
,,-0.06,
,,0.88,
,,-0.22,
,,0.02,
,,0.17,
,,0.05,
,,0.31,
,,-0.09,
,,0.24,
,,0.21,
,,0.18,
,,0.29,
,,-0.02,
,,-0.26,
,,0.14,
,,-0.25,
,,0.5,
,,-0.16,
,,-0.46,
,,0.51,
,,-0.06,
,,0.16,
,,-0.1,
,,-0.28,
,,-1.12,
,,-0.21,
,,-0.77,
,,-0.3,
,,0.1,
,,0.23,
,,-0.1,
,,0.36,
,,0.22,
,,0.12,
,,-0.45,
,,-0.18,
,,-1.09,
,,0.18,
,,0.78,
,,0.49,
,,0.72,
,,0.27,
,,-1.54,
,,0.02,
,,0.46,
,,-0.41,
,,0.43,
,,0.19,
,,0.14,
,,-0.12,
,,-0.1,
,,0.33,
,,-0.28,
,,-0.01,
,,0.08,
,,-0.18,
,,-0.01,
,,-0.23,
,,-0.17,
,,0.33,
,,-0.27,
,,0,
,,-0.15,
,,-0.64,
,,0.85,
,,-0.6,
,,0.45,
,,-0.15,
,,0.02,
,,0.72,
,,0.07,
,,-0.29,
,,-0.07,
,,-0.17,
,,-0.57,
,,-0.22,
,,-0.28,
,,0.25,
,,0.52,
,,0.26,
,,-0.27,
,,-0.81,
,,-0.11,
,,0,
,,0.24,
,,-0.15,
,,1.49,
,,0.2,
,,-0.41,
,,-1.15,
,,-0.19,
,,0.01,
,,0.97,
,,-0.01,
,,0.03,
,,0.5,
,,0.21,
,,0.42,
,,0.51,
,,-0.26,
,,-0.33,
,,-0.06,
,,0.01,
,,0.57,
,,0.13,
,,-0.83,
,,-0.1,
,,0.65,
,,-0.76,
,,0.44,
,,0.11,
,,-0.6,
,,0.44,
,,0.03,
,,-0.1,
,,-0.26,
,,0.17,
,,0,
,,-0.18,
,,0.1,
,,0.34,
,,-0.41,
,,0.34,
,,#N/A,
,,#N/A,
,,0.03,
,,0.18,
,,0.29,
,,#N/A,
,,#N/A,
,,-0.76,
,,-1.22,
,,-0.18,
,,-0.19,
,,-0.16,
,,-0.14,
,,0.99,
,,-0.47,
,,0.22,
,,0.02,
,,0.18,
,,-0.03,
,,-0.41,
,,0.1,
,,0.47,
,,-0.02,
,,0.26,
,,-0.48,
,,-0.26,
,,0.01,
,,-0.02,
,,-0.31,
,,-0.31,
,,-0.1,
,,-0.31,
,,0.4,
,,-0.05,
,,0.2,
,,-0.26,
,,-0.55,
,,0.02,
,,-0.75,
,,0.2,
,,0.19,
,,-0.63,
,,-0.59,
,,-0.33,
,,-0.22,
,,-0.89,
,,0.97,
,,0.03,
,,-0.1,
,,0.12,
,,-0.41,
,,-0.85,
,,0.02,
,,-0.51,
,,0.4,
,,0.23,
,,-0.07,
,,-1.22,
,,0.27,
,,-0.19,
,,-0.4,
,,-0.28,
,,0.28,
,,0.73,
,,0.32,
,,0.27,
,,-0.23,
,,-0.16,
,,-0.51,
,,0.34,
,,-0.02,
,,1.05,
,,#N/A,
,,#N/A,
,,0.53,
,,-0.1,
,,0.21,
,,-0.17,
,,-0.11,
,,0.48,
,,-0.15,
,,1.19,
,,-0.62,
,,-0.58,
,,0.42,
,,-0.05,
,,0.26,
,,-0.01,
,,0.1,
,,-0.59,
,,0.03,
,,-0.1,
,,0.04,
,,0.3,
,,0.14,
,,0.13,
,,0.21,
,,-0.3,
,,-0.41,
,,-0.54,
,,-0.81,
,,0.38,
,,0.45,
,,0.12,
,,-0.17,
,,-0.39,
,,0.62,
,,0.18,
,,0.4,
,,0.43,
,,-0.02,
,,-0.36,
,,0.26,
,,0.02,
,,-0.26,
,,0.21,
,,-0.31,
,,0.66,
,,-0.12,
,,0.49,
,,0.46,
,,0.24,
,,0.02,
,,-0.36,
,,-0.04,
,,-0.17,
,,1.19,
,,0.65,
,,-0.75,
,,-0.01,
,,-0.08,
,,0.16,
,,-0.62,
,,0.85,
,,0.08,
,,0.36,
,,-0.34,
,,0.43,
,,0.02,
,,0.54,
,,0.33,
,,0.35,
,,-0.69,
,,-0.14,
,,-0.51,
,,0.63,
,,0.66,
,,-0.17,
,,0.95,
,,-0.62,
,,-0.41,
,,0.38,
,,-0.21,
,,0.03,
,,0.39,
,,-0.14,
,,-0.03,
,,0.16,
,,0,
,,0.49,
,,-0.09,
,,0.05,
,,-0.3,
,,-0.89,
,,-0.45,
,,-0.2,
,,-0.2,
,,-0.02,
,,0.85,
,,0.4,
,,-0.08,
,,-0.02,
,,0.24,
,,0.12,
,,0.16,
,,-0.26,
,,-0.49,
,,0.21,
,,0.29,
,,0.28,
,,-0.3,
,,0.09,
,,0.15,
,,-0.38,
,,0.02,
,,-0.55,
,,0.41,
,,0.6,
,,-0.3,
,,0.33,
,,0.56,
,,-0.24,
,,-0.22,
,,-0.3,
,,0.59,
,,-0.11,
,,0.12,
,,-0.81,
,,-0.51,
,,0.05,
,,-0.93,
,,-0.19,
,,-0.12,
,,0.59,
,,-0.1,
,,-0.5,
,,0.12,
,,-0.56,
,,-0.43,
,,0.02,
,,0.38,
,,0.76,
,,0.3,
,,-0.26,
,,0.24,
,,-0.67,
,,-0.24,
,,-0.36,
,,0.38,
,,0.02,
,,0.38,
,,1.21,
,,-0.4,
,,0.04,
,,0.01,
,,-0.29,
,,0.14,
,,-0.28,
,,0.58,
,,0.99,
,,-0.07,
,,0.42,
,,-1.28,
,,0.01,
,,-0.5,
,,-0.61,
,,-0.19,
,,0.24,
,,0.24,
,,0.76,
,,-0.91,
,,-0.68,
,,0.37,
,,0.01,
,,1.17,
,,-0.46,
,,0.91,
,,-0.1,
,,-0.17,
,,1.38,
,,-0.66,
,,-0.28,
,,-0.78,
,,-0.01,
,,-0.17,
,,0.86,
,,-0.33,
,,-0.43,
,,0.2,
,,0.37,
,,-0.43,
,,-0.47,
,,0.48,
,,-0.39,
,,#N/A,
,,#N/A,
,,0.06,
,,-0.42,
,,0.26,
,,0.38,
,,-1.53,
,,-0.35,
,,-0.09,
,,-0.27,
,,-0.39,
,,-0.17,
,,0.43,
,,0.05,
,,0.16,
,,-0.88,
,,0.02,
,,-1.16,
,,0.48,
,,-0.08,
,,0.47,
,,-0.4,
,,-0.42,
,,-0.35,
,,0.33,
,,-0.35,
,,0.03,
,,-0.03,
,,0.5,
,,-0.86,
,,-1.09,
,,0.1,
,,-0.15,
,,0.26,
,,-0.99,
,,0.49,
,,-0.68,
,,-0.53,
,,-0.31,
,,0.32,
,,0.41,
,,0.02,
,,-0.33,
,,-0.28,
,,-0.49,
,,0.12,
,,1.61,
,,0.9,
,,-1.5,
,,0.24,
,,0.58,
,,-0.59,
,,-1.36,
,,-0.24,
,,-1.02,
,,0.22,
,,-1.4,
,,-0.17,
,,0.84,
,,0.6,
,,0.81,
,,-1.02,
,,-0.55,
,,0.5,
,,-0.24,
,,-0.85,
,,0.22,
,,0.75,
,,0.56,
,,0.37,